index,sim,mass,tem_supply,tem_surf,tem_win,n_occ,x,y,MRT,T,V
0,0,0.023125427999999996,26.6666667,4.4444444,-1.1111111,1,2.05,2.25,26.1860083,27.35139606,0.079308041
1,1,0.057813569,26.6666667,4.4444444,-1.1111111,1,2.05,2.25,26.52212791,27.72239623,0.071792116
2,2,0.17344070600000003,26.6666667,4.4444444,-1.1111111,1,2.05,2.25,26.79865974,28.01434662,0.071021063
3,3,0.023125427999999996,29.444444399999995,4.4444444,-1.1111111,1,2.05,2.25,27.02873021,28.28975706,0.075473892
4,4,0.057813569,29.444444399999995,4.4444444,-1.1111111,1,2.05,2.25,26.84392521,28.05523201,0.06638815099999999
5,5,0.17344070600000003,29.444444399999995,4.4444444,-1.1111111,1,2.05,2.25,27.12839261,28.35395597,0.06794012099999999
6,6,0.023125427999999996,35.0,4.4444444,-1.1111111,1,2.05,2.25,27.4066043,28.63068609,0.066797175
7,7,0.057813569,35.0,4.4444444,-1.1111111,1,2.05,2.25,27.20981992,28.41378453,0.07109041
8,8,0.17344070600000003,35.0,4.4444444,-1.1111111,1,2.05,2.25,27.45990084,28.70573926,0.071622072
9,9,0.023125427999999996,26.6666667,7.222222200000001,-1.1111111,1,2.05,2.25,27.74249132,28.97817432,0.067214154
10,10,0.057813569,26.6666667,7.222222200000001,-1.1111111,1,2.05,2.25,27.89972034,29.07280333,0.065524998
11,11,0.17344070600000003,26.6666667,7.222222200000001,-1.1111111,1,2.05,2.25,28.08814225,29.33988412,0.065581203
12,12,0.023125427999999996,29.444444399999995,7.222222200000001,-1.1111111,1,2.05,2.25,26.36477942,27.37107502,0.080668067
13,13,0.057813569,29.444444399999995,7.222222200000001,-1.1111111,1,2.05,2.25,26.68861266,27.73293084,0.070545006
14,14,0.17344070600000003,29.444444399999995,7.222222200000001,-1.1111111,1,2.05,2.25,26.99608581,28.03038843,0.074120999
15,15,0.023125427999999996,35.0,7.222222200000001,-1.1111111,1,2.05,2.25,27.16472886,28.29823044,0.07240009
16,16,0.057813569,35.0,7.222222200000001,-1.1111111,1,2.05,2.25,27.02666413,28.06590675,0.061394906
17,17,0.17344070600000003,35.0,7.222222200000001,-1.1111111,1,2.05,2.25,27.27684721,28.36359519,0.067560123
18,18,0.023125427999999996,26.6666667,10.0,-1.1111111,1,2.05,2.25,27.53730972,28.63971523,0.067219914
19,19,0.057813569,26.6666667,10.0,-1.1111111,1,2.05,2.25,27.40342727,28.42683781,0.068723747
20,20,0.17344070600000003,26.6666667,10.0,-1.1111111,1,2.05,2.25,27.64007655,28.71204028,0.067032113
21,21,0.023125427999999996,29.444444399999995,10.0,-1.1111111,1,2.05,2.25,27.97538976,28.99739388,0.064668557
22,22,0.057813569,29.444444399999995,10.0,-1.1111111,1,2.05,2.25,28.00954091,29.07964633,0.068136079
23,23,0.17344070600000003,29.444444399999995,10.0,-1.1111111,1,2.05,2.25,28.30559964,29.34968074,0.05768452599999999
24,24,0.023125427999999996,35.0,10.0,-1.1111111,1,2.05,2.25,26.48825671,27.37697452,0.077180895
25,25,0.057813569,35.0,10.0,-1.1111111,1,2.05,2.25,26.83935574,27.74430514,0.069555506
26,26,0.17344070600000003,35.0,10.0,-1.1111111,1,2.05,2.25,27.08118381,28.03801421,0.074802946
27,27,0.023125427999999996,26.6666667,12.7777778,-1.1111111,1,2.05,2.25,27.29829547,28.30751154,0.071686166
28,28,0.057813569,26.6666667,12.7777778,-1.1111111,1,2.05,2.25,27.13993239,28.07938915,0.069675841
29,29,0.17344070600000003,26.6666667,12.7777778,-1.1111111,1,2.05,2.25,27.44159383,28.37697925,0.065954815
30,30,0.023125427999999996,29.444444399999995,12.7777778,-1.1111111,1,2.05,2.25,27.70803339,28.65107735,0.06743410700000001
31,31,0.057813569,29.444444399999995,12.7777778,-1.1111111,1,2.05,2.25,27.52065245,28.43178805,0.067628464
32,32,0.17344070600000003,29.444444399999995,12.7777778,-1.1111111,1,2.05,2.25,27.79820187,28.72616631,0.07070073
33,33,0.023125427999999996,35.0,12.7777778,-1.1111111,1,2.05,2.25,28.06849177,29.00345828,0.06374566
34,34,0.057813569,35.0,12.7777778,-1.1111111,1,2.05,2.25,28.21150579,29.09205203,0.059291539000000004
35,35,0.17344070600000003,35.0,12.7777778,-1.1111111,1,2.05,2.25,28.39493885,29.36111182,0.068123284
36,36,0.023125427999999996,26.6666667,4.4444444,4.4444444,1,2.05,2.25,25.15772289,27.26029997,0.116240668
37,37,0.057813569,26.6666667,4.4444444,4.4444444,1,2.05,2.25,25.52901519,27.64939723,0.11145035199999999
38,38,0.17344070600000003,26.6666667,4.4444444,4.4444444,1,2.05,2.25,25.96578066,27.95789271,0.08773465
39,39,0.023125427999999996,29.444444399999995,4.4444444,4.4444444,1,2.05,2.25,26.22979509,28.2313397,0.08172056700000001
40,40,0.057813569,29.444444399999995,4.4444444,4.4444444,1,2.05,2.25,26.043979999999998,27.99912506,0.08801962099999999
41,41,0.17344070600000003,29.444444399999995,4.4444444,4.4444444,1,2.05,2.25,26.34981446,28.29482803,0.067888545
42,42,0.023125427999999996,35.0,4.4444444,4.4444444,1,2.05,2.25,26.57930569,28.57316103,0.072093368
43,43,0.057813569,35.0,4.4444444,4.4444444,1,2.05,2.25,26.36590268,28.35245397,0.08244778400000001
44,44,0.17344070600000003,35.0,4.4444444,4.4444444,1,2.05,2.25,26.64848589,28.64225323,0.075379823
45,45,0.023125427999999996,26.6666667,7.222222200000001,4.4444444,1,2.05,2.25,26.95315259,28.92182884,0.068113628
46,46,0.057813569,26.6666667,7.222222200000001,4.4444444,1,2.05,2.25,26.89822473,28.99284288,0.086489132
47,47,0.17344070600000003,26.6666667,7.222222200000001,4.4444444,1,2.05,2.25,27.18480059,29.27212372,0.08095503700000001
48,48,0.023125427999999996,29.444444399999995,7.222222200000001,4.4444444,1,2.05,2.25,25.61974646,27.30248885,0.09388296900000001
49,49,0.057813569,29.444444399999995,7.222222200000001,4.4444444,1,2.05,2.25,25.99812491,27.68472252,0.08772983699999999
50,50,0.17344070600000003,29.444444399999995,7.222222200000001,4.4444444,1,2.05,2.25,26.15888216,27.96384261,0.087640077
51,51,0.023125427999999996,35.0,7.222222200000001,4.4444444,1,2.05,2.25,26.43110605,28.24137469,0.08636081
52,52,0.057813569,35.0,7.222222200000001,4.4444444,1,2.05,2.25,26.3310876,28.022132199999998,0.073600971
53,53,0.17344070600000003,35.0,7.222222200000001,4.4444444,1,2.05,2.25,26.57057538,28.322571399999998,0.076663745
54,54,0.023125427999999996,26.6666667,10.0,4.4444444,1,2.05,2.25,26.83000401,28.58937739,0.069829478
55,55,0.057813569,26.6666667,10.0,4.4444444,1,2.05,2.25,26.60968259,28.36554885,0.077667795
56,56,0.17344070600000003,26.6666667,10.0,4.4444444,1,2.05,2.25,26.8734185,28.66035171,0.076602262
57,57,0.023125427999999996,29.444444399999995,10.0,4.4444444,1,2.05,2.25,27.17194046,28.93431703,0.080390081
58,58,0.057813569,29.444444399999995,10.0,4.4444444,1,2.05,2.25,27.16131157,29.01680026,0.07195836
59,59,0.17344070600000003,29.444444399999995,10.0,4.4444444,1,2.05,2.25,27.29058475,29.27619163,0.09681805199999999
60,60,0.023125427999999996,35.0,10.0,4.4444444,1,2.05,2.25,25.90088807,27.32511854,0.073333383
61,61,0.057813569,35.0,10.0,4.4444444,1,2.05,2.25,26.19876994,27.69868859,0.08724019300000001
62,62,0.17344070600000003,35.0,10.0,4.4444444,1,2.05,2.25,26.54571926,27.99246581,0.075935961
63,63,0.023125427999999996,26.6666667,12.7777778,4.4444444,1,2.05,2.25,26.62821172,28.2634793,0.080776776
64,64,0.057813569,26.6666667,12.7777778,4.4444444,1,2.05,2.25,26.56977426,28.03778256,0.09134945300000001
65,65,0.17344070600000003,26.6666667,12.7777778,4.4444444,1,2.05,2.25,26.77304678,28.32611176,0.08747714699999999
66,66,0.023125427999999996,29.444444399999995,12.7777778,4.4444444,1,2.05,2.25,27.06449681,28.60802145,0.07547333099999999
67,67,0.057813569,29.444444399999995,12.7777778,4.4444444,1,2.05,2.25,26.85013768,28.38278249,0.07440276400000001
68,68,0.17344070600000003,29.444444399999995,12.7777778,4.4444444,1,2.05,2.25,27.12879349,28.68242347,0.077064674
69,69,0.023125427999999996,35.0,12.7777778,4.4444444,1,2.05,2.25,27.43009533,28.96174449,0.07481935299999999
70,70,0.057813569,35.0,12.7777778,4.4444444,1,2.05,2.25,27.36305762,29.03271842,0.09116804
71,71,0.17344070600000003,35.0,12.7777778,4.4444444,1,2.05,2.25,27.66970932,29.31037015,0.071112254
72,72,0.023125427999999996,26.6666667,4.4444444,10.0,1,2.05,2.25,23.97714954,27.12631206,0.228162434
73,73,0.057813569,26.6666667,4.4444444,10.0,1,2.05,2.25,24.08403898,27.51267157,0.153157584
74,74,0.17344070600000003,26.6666667,4.4444444,10.0,1,2.05,2.25,24.51643323,27.79484068,0.17268833
75,75,0.023125427999999996,29.444444399999995,4.4444444,10.0,1,2.05,2.25,24.77652355,28.06881573,0.153134763
76,76,0.057813569,29.444444399999995,4.4444444,10.0,1,2.05,2.25,24.61089318,27.838614399999997,0.179606295
77,77,0.17344070600000003,29.444444399999995,4.4444444,10.0,1,2.05,2.25,24.76929843,28.13580038,0.135437915
78,78,0.023125427999999996,35.0,4.4444444,10.0,1,2.05,2.25,25.10347921,28.41988848,0.138773285
79,79,0.057813569,35.0,4.4444444,10.0,1,2.05,2.25,24.85169492,28.19313005,0.142488195
80,80,0.17344070600000003,35.0,4.4444444,10.0,1,2.05,2.25,25.07608693,28.48866259,0.133484881
81,81,0.023125427999999996,26.6666667,7.222222200000001,10.0,1,2.05,2.25,25.48941665,28.75232009,0.14884555800000002
82,82,0.057813569,26.6666667,7.222222200000001,10.0,1,2.05,2.25,25.51966531,28.83150198,0.137604346
83,83,0.17344070600000003,26.6666667,7.222222200000001,10.0,1,2.05,2.25,25.20511856,29.07929135,0.136433069
84,84,0.023125427999999996,29.444444399999995,7.222222200000001,10.0,1,2.05,2.25,24.47796174,27.1670157,0.182887507
85,85,0.057813569,29.444444399999995,7.222222200000001,10.0,1,2.05,2.25,24.82484134,27.56163806,0.196379135
86,86,0.17344070600000003,29.444444399999995,7.222222200000001,10.0,1,2.05,2.25,25.23959517,27.86223125,0.141101376
87,87,0.023125427999999996,35.0,7.222222200000001,10.0,1,2.05,2.25,25.31281319,28.11290111,0.145018059
88,88,0.057813569,35.0,7.222222200000001,10.0,1,2.05,2.25,25.03364485,27.89103216,0.17637035399999998
89,89,0.17344070600000003,35.0,7.222222200000001,10.0,1,2.05,2.25,25.19915907,28.17793893,0.144493363
90,90,0.023125427999999996,26.6666667,10.0,10.0,1,2.05,2.25,25.512643399999998,28.44638553,0.132932993
91,91,0.057813569,26.6666667,10.0,10.0,1,2.05,2.25,25.26933242,28.23582677,0.173871467
92,92,0.17344070600000003,26.6666667,10.0,10.0,1,2.05,2.25,25.505376300000002,28.50220344,0.149430507
93,93,0.023125427999999996,29.444444399999995,10.0,10.0,1,2.05,2.25,25.82914597,28.82042115,0.124495715
94,94,0.057813569,29.444444399999995,10.0,10.0,1,2.05,2.25,25.89658359,28.88130514,0.129841195
95,95,0.17344070600000003,29.444444399999995,10.0,10.0,1,2.05,2.25,25.88387846,29.14993442,0.167571302
96,96,0.023125427999999996,35.0,10.0,10.0,1,2.05,2.25,25.00473534,27.23239268,0.178797437
97,97,0.057813569,35.0,10.0,10.0,1,2.05,2.25,25.28102618,27.58960489,0.205320709
98,98,0.17344070600000003,35.0,10.0,10.0,1,2.05,2.25,25.48806129,27.88926061,0.170096945
99,99,0.023125427999999996,26.6666667,12.7777778,10.0,1,2.05,2.25,25.71344177,28.14237971,0.17774531
100,100,0.057813569,26.6666667,12.7777778,10.0,1,2.05,2.25,25.56356266,27.90872348,0.17572474800000001
101,101,0.17344070600000003,26.6666667,12.7777778,10.0,1,2.05,2.25,25.7989082,28.21880655,0.153602866
102,102,0.023125427999999996,29.444444399999995,12.7777778,10.0,1,2.05,2.25,25.89744639,28.47327591,0.147192767
103,103,0.057813569,29.444444399999995,12.7777778,10.0,1,2.05,2.25,25.76177096,28.26947096,0.152769861
104,104,0.17344070600000003,29.444444399999995,12.7777778,10.0,1,2.05,2.25,26.10527979,28.55736256,0.15676678
105,105,0.023125427999999996,35.0,12.7777778,10.0,1,2.05,2.25,26.24306992,28.823168,0.14441288
106,106,0.057813569,35.0,12.7777778,10.0,1,2.05,2.25,26.02540343,28.89839091,0.143831926
107,107,0.17344070600000003,35.0,12.7777778,10.0,1,2.05,2.25,26.46032878,29.16629819,0.187070541
108,108,0.023125427999999996,26.6666667,4.4444444,12.7777778,1,2.05,2.25,21.24003037,22.79624102,0.113356988
109,109,0.057813569,26.6666667,4.4444444,12.7777778,1,2.05,2.25,21.58052119,23.09842634,0.115461865
110,110,0.17344070600000003,26.6666667,4.4444444,12.7777778,1,2.05,2.25,22.15525536,23.52828665,0.10784607199999999
111,111,0.023125427999999996,29.444444399999995,4.4444444,12.7777778,1,2.05,2.25,21.91646123,23.40960926,0.11642994699999999
112,112,0.057813569,29.444444399999995,4.4444444,12.7777778,1,2.05,2.25,22.49149141,23.83744824,0.110293905
113,113,0.17344070600000003,29.444444399999995,4.4444444,12.7777778,1,2.05,2.25,22.2451162,23.72376657,0.118264244
114,114,0.023125427999999996,35.0,4.4444444,12.7777778,1,2.05,2.25,22.83327647,24.15390849,0.11196515900000001
115,115,0.057813569,35.0,4.4444444,12.7777778,1,2.05,2.25,23.45379844,24.60565503,0.10466781300000001
116,116,0.17344070600000003,35.0,4.4444444,12.7777778,1,2.05,2.25,21.32464599,22.80467676,0.10944654599999999
117,117,0.023125427999999996,26.6666667,7.222222200000001,12.7777778,1,2.05,2.25,21.68329411,23.10700576,0.112965107
118,118,0.057813569,26.6666667,7.222222200000001,12.7777778,1,2.05,2.25,22.2513381,23.53630706,0.105078539
119,119,0.17344070600000003,26.6666667,7.222222200000001,12.7777778,1,2.05,2.25,22.01672571,23.41866105,0.114699784
120,120,0.023125427999999996,29.444444399999995,7.222222200000001,12.7777778,1,2.05,2.25,22.59831934,23.84376077,0.106374571
121,121,0.057813569,29.444444399999995,7.222222200000001,12.7777778,1,2.05,2.25,22.36364192,23.73452816,0.11574943300000001
122,122,0.17344070600000003,29.444444399999995,7.222222200000001,12.7777778,1,2.05,2.25,22.93244032,24.16085817,0.109458036
123,123,0.023125427999999996,35.0,7.222222200000001,12.7777778,1,2.05,2.25,23.56010848,24.61194058,0.102094876
124,124,0.057813569,35.0,7.222222200000001,12.7777778,1,2.05,2.25,21.49690337,22.81645197,0.10900953
125,125,0.17344070600000003,35.0,7.222222200000001,12.7777778,1,2.05,2.25,21.84296887,23.11627049,0.10968111800000001
126,126,0.023125427999999996,26.6666667,10.0,12.7777778,1,2.05,2.25,22.42141486,23.54874603,0.102238354
127,127,0.057813569,26.6666667,10.0,12.7777778,1,2.05,2.25,22.16698016,23.42519817,0.111233285
128,128,0.17344070600000003,26.6666667,10.0,12.7777778,1,2.05,2.25,22.76891549,23.85551806,0.10458560199999999
129,129,0.023125427999999996,29.444444399999995,10.0,12.7777778,1,2.05,2.25,22.50670614,23.74323304,0.11287666
130,130,0.057813569,29.444444399999995,10.0,12.7777778,1,2.05,2.25,23.09833867,24.17055534,0.105327949
131,131,0.17344070600000003,29.444444399999995,10.0,12.7777778,1,2.05,2.25,23.74097105,24.62564003,0.099027759
132,132,0.023125427999999996,35.0,10.0,12.7777778,1,2.05,2.25,21.92108147,22.8459759,0.09840635800000001
133,133,0.057813569,35.0,10.0,12.7777778,1,2.05,2.25,22.22884367,23.14580824,0.102409735
134,134,0.17344070600000003,35.0,10.0,12.7777778,1,2.05,2.25,22.78038989,23.57588922,0.094900996
135,135,0.023125427999999996,26.6666667,12.7777778,12.7777778,1,2.05,2.25,22.55590541,23.45215661,0.10610497099999999
136,136,0.057813569,26.6666667,12.7777778,12.7777778,1,2.05,2.25,23.11472669,23.880665,0.09940344699999999
137,137,0.17344070600000003,26.6666667,12.7777778,12.7777778,1,2.05,2.25,22.8812436,23.76824367,0.109473076
138,138,0.023125427999999996,29.444444399999995,12.7777778,12.7777778,1,2.05,2.25,23.429604,24.19523546,0.105440903
139,139,0.057813569,29.444444399999995,12.7777778,12.7777778,1,2.05,2.25,23.97805037,24.64181826,0.09900936
140,140,0.17344070600000003,29.444444399999995,12.7777778,12.7777778,1,2.05,2.25,22.15899053,22.86479102,0.09601974
141,141,0.023125427999999996,35.0,12.7777778,12.7777778,1,2.05,2.25,22.4795273,23.16261833,0.098323281
142,142,0.057813569,35.0,12.7777778,12.7777778,1,2.05,2.25,22.994262300000003,23.59402496,0.09036805699999999
143,143,0.17344070600000003,35.0,12.7777778,12.7777778,1,2.05,2.25,22.79241218,23.46891852,0.10124327400000001
144,144,0.023125427999999996,10.0,23.8888889,26.6666667,1,2.05,2.25,23.32571011,23.89833024,0.09372114699999999
145,145,0.057813569,10.0,23.8888889,26.6666667,1,2.05,2.25,23.11293367,23.78461655,0.10375991300000001
146,146,0.17344070600000003,10.0,23.8888889,26.6666667,1,2.05,2.25,23.65451564,24.21094747,0.097170912
147,147,0.023125427999999996,12.7777778,23.8888889,26.6666667,1,2.05,2.25,24.22365663,24.66118492,0.08822696699999999
148,148,0.057813569,12.7777778,23.8888889,26.6666667,1,2.05,2.25,22.51494113,22.89349273,0.09035134199999999
149,149,0.17344070600000003,12.7777778,23.8888889,26.6666667,1,2.05,2.25,22.83660314,23.19153837,0.090525375
150,150,0.023125427999999996,15.555555599999998,23.8888889,26.6666667,1,2.05,2.25,23.36460043,23.62373593,0.082886661
151,151,0.057813569,15.555555599999998,23.8888889,26.6666667,1,2.05,2.25,23.16842763,23.49868678,0.092613189
152,152,0.17344070600000003,15.555555599999998,23.8888889,26.6666667,1,2.05,2.25,23.69839501,23.92775871,0.084825085
153,153,0.023125427999999996,10.0,26.6666667,26.6666667,1,2.05,2.25,23.50812625,23.81325093,0.094920734
154,154,0.057813569,10.0,26.6666667,26.6666667,1,2.05,2.25,24.04968272,24.24097269,0.087324394
155,155,0.17344070600000003,10.0,26.6666667,26.6666667,1,2.05,2.25,24.61023985,24.69169198,0.08015515
156,156,0.023125427999999996,12.7777778,26.6666667,26.6666667,1,2.05,2.25,22.93964742,22.88509903,0.251819156
157,157,0.057813569,12.7777778,26.6666667,26.6666667,1,2.05,2.25,23.03186231,23.1715859,0.23312228399999999
158,158,0.17344070600000003,12.7777778,26.6666667,26.6666667,1,2.05,2.25,23.28349985,23.57882544,0.272802618
159,159,0.023125427999999996,15.555555599999998,26.6666667,26.6666667,1,2.05,2.25,23.52486587,23.458982000000002,0.275612037
160,160,0.057813569,15.555555599999998,26.6666667,26.6666667,1,2.05,2.25,23.486037699999997,23.86819352,0.238300862
161,161,0.17344070600000003,15.555555599999998,26.6666667,26.6666667,1,2.05,2.25,23.50029254,23.74547786,0.259608342
162,162,0.023125427999999996,10.0,29.444444399999995,26.6666667,1,2.05,2.25,23.83298861,24.16534641,0.232246571
163,163,0.057813569,10.0,29.444444399999995,26.6666667,1,2.05,2.25,24.37744091,24.65069426,0.242781918
164,164,0.17344070600000003,10.0,29.444444399999995,26.6666667,1,2.05,2.25,23.45957568,22.89767417,0.28978472
165,165,0.023125427999999996,12.7777778,29.444444399999995,26.6666667,1,2.05,2.25,23.40842217,23.18035529,0.273260546
166,166,0.057813569,12.7777778,29.444444399999995,26.6666667,1,2.05,2.25,23.57988427,23.59220484,0.204318577
167,167,0.17344070600000003,12.7777778,29.444444399999995,26.6666667,1,2.05,2.25,23.86611808,23.49598048,0.291091954
168,168,0.023125427999999996,15.555555599999998,29.444444399999995,26.6666667,1,2.05,2.25,23.95607447,23.92285925,0.253043588
169,169,0.057813569,15.555555599999998,29.444444399999995,26.6666667,1,2.05,2.25,23.96609352,23.78959955,0.25262781100000004
170,170,0.17344070600000003,15.555555599999998,29.444444399999995,26.6666667,1,2.05,2.25,24.21801562,24.21713699,0.236358725
171,171,0.023125427999999996,10.0,32.2222222,26.6666667,1,2.05,2.25,24.667499,24.67657849,0.21491838600000002
172,172,0.057813569,10.0,32.2222222,26.6666667,1,2.05,2.25,24.13449095,22.95692696,0.250612153
173,173,0.17344070600000003,10.0,32.2222222,26.6666667,1,2.05,2.25,24.24854864,23.24655088,0.23165712800000002
174,174,0.023125427999999996,12.7777778,32.2222222,26.6666667,1,2.05,2.25,24.56693536,23.69597399,0.197141779
175,175,0.057813569,12.7777778,32.2222222,26.6666667,1,2.05,2.25,24.65790328,23.56129965,0.20800544899999998
176,176,0.17344070600000003,12.7777778,32.2222222,26.6666667,1,2.05,2.25,24.73294235,23.99750576,0.236937063
177,177,0.023125427999999996,15.555555599999998,32.2222222,26.6666667,1,2.05,2.25,24.79088744,23.87606859,0.249582602
178,178,0.057813569,15.555555599999998,32.2222222,26.6666667,1,2.05,2.25,25.05488343,24.30929183,0.21465798100000003
179,179,0.17344070600000003,15.555555599999998,32.2222222,26.6666667,1,2.05,2.25,25.62015201,24.73696573,0.230922088
180,180,0.0231,10.0,23.89,26.67,1,2.05,4.75,27.5546407,26.37055265,0.080670922
181,181,0.0231,10.0,23.89,30.56,1,2.05,4.75,27.6832885,26.51360441,0.073553494
182,182,0.0231,10.0,23.89,33.61,1,2.05,4.75,27.80328284,26.78142201,0.079701781
183,183,0.0231,10.0,23.89,36.39,1,2.05,4.75,27.916076699999998,27.02958361,0.09022156099999999
184,184,0.0231,10.0,26.67,30.56,1,2.05,4.75,27.8408235,26.70464796,0.09112028900000001
185,185,0.0231,10.0,26.67,33.61,1,2.05,4.75,27.96090365,26.99736397,0.09448199
186,186,0.0231,10.0,26.67,36.39,1,2.05,4.75,28.08530451,27.27685021,0.08333487
187,187,0.0231,10.0,29.44,30.56,1,2.05,4.75,28.00557553,26.94632849,0.100846786
188,188,0.0231,10.0,29.44,33.61,1,2.05,4.75,28.13610278,27.20924653,0.08724163
189,189,0.0231,10.0,29.44,36.39,1,2.05,4.75,28.24843008,27.46233899,0.08330172
190,190,0.0231,10.0,32.22,33.61,1,2.05,4.75,28.30907778,27.47884821,0.086675898
191,191,0.0231,10.0,32.22,36.39,1,2.05,4.75,28.42782472,27.83597349,0.080620791
192,192,0.0231,12.78,23.89,26.67,1,2.05,4.75,27.55557892,26.45334761,0.075260267
193,193,0.0231,12.78,23.89,30.56,1,2.05,4.75,27.69988118,26.71934609,0.069525539
194,194,0.0231,12.78,23.89,33.61,1,2.05,4.75,27.81325641,26.93999738,0.081047672
195,195,0.0231,12.78,23.89,36.39,1,2.05,4.75,27.92932627,27.20537842,0.083017
196,196,0.0231,12.78,26.67,30.56,1,2.05,4.75,27.85676193,26.92018883,0.08910167699999999
197,197,0.0231,12.78,26.67,33.61,1,2.05,4.75,27.98205803,27.21730946,0.07725662700000001
198,198,0.0231,12.78,26.67,36.39,1,2.05,4.75,28.09625056,27.47064997,0.083002772
199,199,0.0231,12.78,29.44,30.56,1,2.05,4.75,28.01775566,27.07023708,0.09380034699999999
200,200,0.0231,12.78,29.44,33.61,1,2.05,4.75,28.14841395,27.47840559,0.084310452
201,201,0.0231,12.78,29.44,36.39,1,2.05,4.75,28.264389899999998,27.72590185,0.081361618
202,202,0.0231,12.78,32.22,33.61,1,2.05,4.75,28.32497469,27.75825612,0.08291855
203,203,0.0231,12.78,32.22,36.39,1,2.05,4.75,28.44040834,28.02383024,0.082051043
204,204,0.0231,15.56,23.89,26.67,1,2.05,4.75,27.55613034,26.56073038,0.066772281
205,205,0.0231,15.56,23.89,30.56,1,2.05,4.75,27.71263481,26.86327583,0.069140693
206,206,0.0231,15.56,23.89,33.61,1,2.05,4.75,27.82666458,27.10904508,0.080970775
207,207,0.0231,15.56,23.89,36.39,1,2.05,4.75,27.94305223,27.41718528,0.07953539700000001
208,208,0.0231,15.56,26.67,30.56,1,2.05,4.75,27.87025296,27.08658037,0.085531589
209,209,0.0231,15.56,26.67,33.61,1,2.05,4.75,27.98852964,27.34203158,0.086565036
210,210,0.0231,15.56,26.67,36.39,1,2.05,4.75,28.10937371,27.666895899999997,0.077581334
211,211,0.0231,15.56,29.44,30.56,1,2.05,4.75,28.03127603,27.27292692,0.08926477699999999
212,212,0.0231,15.56,29.44,33.61,1,2.05,4.75,28.15450528,27.58362576,0.094406995
213,213,0.0231,15.56,29.44,36.39,1,2.05,4.75,28.27663816,27.90318757,0.079324132
214,214,0.0231,15.56,32.22,33.61,1,2.05,4.75,28.33415941,27.90479199,0.089132106
215,215,0.0231,15.56,32.22,36.39,1,2.05,4.75,28.45084307,28.19003061,0.08460543
216,216,0.0578,10.0,23.89,26.67,1,2.05,4.75,27.48480597,25.44013322,0.09289787199999999
217,217,0.0578,10.0,23.89,30.56,1,2.05,4.75,27.61146173,25.58261637,0.09626252800000001
218,218,0.0578,10.0,23.89,33.61,1,2.05,4.75,27.72859462,25.7801807,0.10522978300000001
219,219,0.0578,10.0,23.89,36.39,1,2.05,4.75,27.81804177,25.77572114,0.106999546
220,220,0.0578,10.0,26.67,30.56,1,2.05,4.75,27.77159246,25.79081844,0.11689176
221,221,0.0578,10.0,26.67,33.61,1,2.05,4.75,27.87423966,25.88421496,0.126913733
222,222,0.0578,10.0,26.67,36.39,1,2.05,4.75,27.98144311,25.96361963,0.109757028
223,223,0.0578,10.0,29.44,30.56,1,2.05,4.75,27.92090301,25.86114605,0.12761336199999998
224,224,0.0578,10.0,29.44,33.61,1,2.05,4.75,28.0358825,26.04586077,0.109600559
225,225,0.0578,10.0,29.44,36.39,1,2.05,4.75,28.14142011,26.23385937,0.106382004
226,226,0.0578,10.0,32.22,33.61,1,2.05,4.75,28.20503786,26.26912245,0.121230948
227,227,0.0578,10.0,32.22,36.39,1,2.05,4.75,28.31067723,26.43016563,0.127176689
228,228,0.0578,12.78,23.89,26.67,1,2.05,4.75,27.50872228,25.838468300000002,0.09133563800000001
229,229,0.0578,12.78,23.89,30.56,1,2.05,4.75,27.63220933,25.84931284,0.10171666300000001
230,230,0.0578,12.78,23.89,33.61,1,2.05,4.75,27.73776802,25.98272885,0.116570365
231,231,0.0578,12.78,23.89,36.39,1,2.05,4.75,27.84066533,26.11238906,0.109370463
232,232,0.0578,12.78,26.67,30.56,1,2.05,4.75,27.78487083,26.00724709,0.123304001
233,233,0.0578,12.78,26.67,33.61,1,2.05,4.75,27.89902106,26.17595325,0.122318861
234,234,0.0578,12.78,26.67,36.39,1,2.05,4.75,28.00146242,26.29550065,0.11467902599999999
235,235,0.0578,12.78,29.44,30.56,1,2.05,4.75,27.94978034,26.1713701,0.12420896199999999
236,236,0.0578,12.78,29.44,33.61,1,2.05,4.75,28.060875,26.35962103,0.10633648300000001
237,237,0.0578,12.78,29.44,36.39,1,2.05,4.75,28.16615967,26.53651044,0.119428015
238,238,0.0578,12.78,32.22,33.61,1,2.05,4.75,28.22646351,26.5835222,0.11907167800000001
239,239,0.0578,12.78,32.22,36.39,1,2.05,4.75,28.34309368,26.79438301,0.12131511800000001
240,240,0.0578,15.56,23.89,26.67,1,2.05,4.75,27.5303686,25.99930613,0.08453731699999999
241,241,0.0578,15.56,23.89,30.56,1,2.05,4.75,27.65908484,26.14566448,0.09796278900000001
242,242,0.0578,15.56,23.89,33.61,1,2.05,4.75,27.76503496,26.27447187,0.111639382
243,243,0.0578,15.56,23.89,36.39,1,2.05,4.75,27.87658187,26.49332769,0.100737825
244,244,0.0578,15.56,26.67,30.56,1,2.05,4.75,27.81231563,26.29752055,0.115722558
245,245,0.0578,15.56,26.67,33.61,1,2.05,4.75,27.93147306,26.58327705,0.11176678
246,246,0.0578,15.56,26.67,36.39,1,2.05,4.75,28.03142034,26.63090817,0.11042668300000001
247,247,0.0578,15.56,29.44,30.56,1,2.05,4.75,27.97766946,26.55794075,0.11810799
248,248,0.0578,15.56,29.44,33.61,1,2.05,4.75,28.08557148,26.66977729,0.10706098300000001
249,249,0.0578,15.56,29.44,36.39,1,2.05,4.75,28.19657084,26.8644275,0.111306106
250,250,0.0578,15.56,32.22,33.61,1,2.05,4.75,28.25728518,26.8598,0.114925076
251,251,0.0578,15.56,32.22,36.39,1,2.05,4.75,28.36911999,27.13053255,0.109816875
252,252,0.1734,10.0,23.89,26.67,1,2.05,4.75,27.3528506,24.23698986,0.18197291300000001
253,253,0.1734,10.0,23.89,30.56,1,2.05,4.75,27.4861768,24.14515473,0.174805602
254,254,0.1734,10.0,23.89,33.61,1,2.05,4.75,27.60119269,24.56194697,0.182246792
255,255,0.1734,10.0,23.89,36.39,1,2.05,4.75,27.70640083,24.50683153,0.178872905
256,256,0.1734,10.0,26.67,30.56,1,2.05,4.75,27.64134935,24.28563278,0.185671645
257,257,0.1734,10.0,26.67,33.61,1,2.05,4.75,27.73781887,24.23445669,0.19305867899999998
258,258,0.1734,10.0,26.67,36.39,1,2.05,4.75,27.84601952,24.47455907,0.187847225
259,259,0.1734,10.0,29.44,30.56,1,2.05,4.75,27.78631406,24.29013424,0.155073484
260,260,0.1734,10.0,29.44,33.61,1,2.05,4.75,27.89224426,24.58468588,0.149270173
261,261,0.1734,10.0,29.44,36.39,1,2.05,4.75,28.00929961,24.64743447,0.165736718
262,262,0.1734,10.0,32.22,33.61,1,2.05,4.75,28.05304273,24.44119247,0.17895375100000002
263,263,0.1734,10.0,32.22,36.39,1,2.05,4.75,28.17209655,24.68095862,0.189593697
264,264,0.1734,12.78,23.89,26.67,1,2.05,4.75,27.37553616,24.50549236,0.180702119
265,265,0.1734,12.78,23.89,30.56,1,2.05,4.75,27.50599605,24.7943444,0.195688379
266,266,0.1734,12.78,23.89,33.61,1,2.05,4.75,27.65069267,25.0714014,0.166563535
267,267,0.1734,12.78,23.89,36.39,1,2.05,4.75,27.74604392,25.18770767,0.16039451400000002
268,268,0.1734,12.78,26.67,30.56,1,2.05,4.75,27.68803825,24.94235497,0.17458108
269,269,0.1734,12.78,26.67,33.61,1,2.05,4.75,27.79463924,24.98593648,0.20269058399999998
270,270,0.1734,12.78,26.67,36.39,1,2.05,4.75,27.91415683,25.38166232,0.182796315
271,271,0.1734,12.78,29.44,30.56,1,2.05,4.75,27.83462385,24.84278627,0.177595997
272,272,0.1734,12.78,29.44,33.61,1,2.05,4.75,27.96575278,25.08929545,0.18913734899999998
273,273,0.1734,12.78,29.44,36.39,1,2.05,4.75,28.05719429,25.1069855,0.20702205399999998
274,274,0.1734,12.78,32.22,33.61,1,2.05,4.75,28.12500926,25.15010848,0.18617335100000001
275,275,0.1734,12.78,32.22,36.39,1,2.05,4.75,28.21423476,25.26723985,0.143407999
276,276,0.1734,15.56,23.89,26.67,1,2.05,4.75,27.41148103,25.05868297,0.165093915
277,277,0.1734,15.56,23.89,30.56,1,2.05,4.75,27.5614282,25.2994635,0.19044945300000002
278,278,0.1734,15.56,23.89,33.61,1,2.05,4.75,27.66873824,25.52551727,0.19644686100000003
279,279,0.1734,15.56,23.89,36.39,1,2.05,4.75,27.76718259,25.85208256,0.235200854
280,280,0.1734,15.56,26.67,30.56,1,2.05,4.75,27.71543868,25.54230158,0.17705685399999999
281,281,0.1734,15.56,26.67,33.61,1,2.05,4.75,27.85183262,25.64139752,0.15808713800000002
282,282,0.1734,15.56,26.67,36.39,1,2.05,4.75,27.94362219,25.55609435,0.183343755
283,283,0.1734,15.56,29.44,30.56,1,2.05,4.75,27.88962187,25.65748983,0.154282841
284,284,0.1734,15.56,29.44,33.61,1,2.05,4.75,28.00156899,25.57495101,0.194639239
285,285,0.1734,15.56,29.44,36.39,1,2.05,4.75,28.10121743,25.74730044,0.158411226
286,286,0.1734,15.56,32.22,33.61,1,2.05,4.75,28.175253700000003,25.74445342,0.15770025199999999
287,287,0.1734,15.56,32.22,36.39,1,2.05,4.75,28.27380316,25.87513964,0.178884572
288,288,0.0231,26.67,4.44,-1.11,1,2.05,4.75,25.484438100000002,21.56780163,0.102830406
289,289,0.0231,26.67,7.22,-1.11,1,2.05,4.75,25.62998301,21.87960393,0.10089620099999999
290,290,0.0231,26.67,7.22,4.44,1,2.05,4.75,25.81704562,22.45690047,0.09861861300000001
291,291,0.0231,26.67,10.0,-1.11,1,2.05,4.75,25.78038333,22.18863499,0.100012945
292,292,0.0231,26.67,10.0,4.44,1,2.05,4.75,25.96560298,22.77472832,0.096774681
293,293,0.0231,26.67,12.78,-1.11,1,2.05,4.75,25.93643405,22.52801939,0.09908574
294,294,0.0231,26.67,12.78,4.44,1,2.05,4.75,26.11905158,23.09308498,0.09731942
295,295,0.0231,26.67,12.78,10.0,1,2.05,4.75,26.31165601,23.716438600000004,0.095266208
296,296,0.0231,29.44,4.44,-1.11,1,2.05,4.75,25.49231943,21.65816405,0.102417017
297,297,0.0231,29.44,7.22,-1.11,1,2.05,4.75,25.63716916,21.96596736,0.100044514
298,298,0.0231,29.44,7.22,4.44,1,2.05,4.75,25.82411103,22.53177679,0.098211305
299,299,0.0231,29.44,10.0,-1.11,1,2.05,4.75,25.78785516,22.28774229,0.098650536
300,300,0.0231,29.44,10.0,4.44,1,2.05,4.75,25.97308688,22.860074100000002,0.096207216
301,301,0.0231,29.44,12.78,-1.11,1,2.05,4.75,25.94319243,22.61122143,0.09802998800000001
302,302,0.0231,29.44,12.78,4.44,1,2.05,4.75,26.12638883,23.1930887,0.095703952
303,303,0.0231,29.44,12.78,10.0,1,2.05,4.75,26.31833398,23.80061319,0.09361934599999999
304,304,0.0231,35.0,4.44,-1.11,1,2.05,4.75,25.50433766,21.80273894,0.101027912
305,305,0.0231,35.0,7.22,-1.11,1,2.05,4.75,25.65335115,22.15708972,0.09958499900000001
306,306,0.0231,35.0,7.22,4.44,1,2.05,4.75,25.8364201,22.6957968,0.096639159
307,307,0.0231,35.0,10.0,-1.11,1,2.05,4.75,25.80170509,22.46445482,0.09762768
308,308,0.0231,35.0,10.0,4.44,1,2.05,4.75,25.98616499,23.02027726,0.095960654
309,309,0.0231,35.0,12.78,-1.11,1,2.05,4.75,25.95634002,22.77784946,0.096836594
310,310,0.0231,35.0,12.78,4.44,1,2.05,4.75,26.13894333,23.35314476,0.095241597
311,311,0.0231,35.0,12.78,10.0,1,2.05,4.75,26.33138608,23.96579593,0.09072643300000001
312,312,0.0578,26.67,4.44,-1.11,1,2.05,4.75,25.53482021,22.20465395,0.09793725800000001
313,313,0.0578,26.67,7.22,-1.11,1,2.05,4.75,25.68626636,22.54732915,0.098121276
314,314,0.0578,26.67,7.22,4.44,1,2.05,4.75,25.86515446,23.09659748,0.09292753
315,315,0.0578,26.67,10.0,-1.11,1,2.05,4.75,25.83622617,22.86271211,0.096245182
316,316,0.0578,26.67,10.0,4.44,1,2.05,4.75,26.01507747,23.4374455,0.09486779699999999
317,317,0.0578,26.67,12.78,-1.11,1,2.05,4.75,25.98804732,23.15664946,0.09586107
318,318,0.0578,26.67,12.78,4.44,1,2.05,4.75,26.16527288,23.74560499,0.095521392
319,319,0.0578,26.67,12.78,10.0,1,2.05,4.75,26.3546838,24.29139568,0.094055159
320,320,0.0578,29.44,4.44,-1.11,1,2.05,4.75,25.5512199,22.44563799,0.09340522400000001
321,321,0.0578,29.44,7.22,-1.11,1,2.05,4.75,25.69753049,22.75166602,0.09380284400000001
322,322,0.0578,29.44,7.22,4.44,1,2.05,4.75,25.87882615,23.30437452,0.08937815
323,323,0.0578,29.44,10.0,-1.11,1,2.05,4.75,25.84935322,23.06941073,0.093971241
324,324,0.0578,29.44,10.0,4.44,1,2.05,4.75,26.02804217,23.61004263,0.08887769400000001
325,325,0.0578,29.44,12.78,-1.11,1,2.05,4.75,26.00217106,23.37696556,0.092906603
326,326,0.0578,29.44,12.78,4.44,1,2.05,4.75,26.18087996,23.92668039,0.088957911
327,327,0.0578,29.44,12.78,10.0,1,2.05,4.75,26.36846289,24.48531353,0.085794438
328,328,0.0578,35.0,4.44,-1.11,1,2.05,4.75,25.58447361,22.89593998,0.087601616
329,329,0.0578,35.0,7.22,-1.11,1,2.05,4.75,25.72992202,23.1919109,0.08796421
330,330,0.0578,35.0,7.22,4.44,1,2.05,4.75,25.90937215,23.729332199999998,0.082623942
331,331,0.0578,35.0,10.0,-1.11,1,2.05,4.75,25.87883517,23.48530575,0.08793384800000001
332,332,0.0578,35.0,10.0,4.44,1,2.05,4.75,26.05791607,24.02686615,0.082702361
333,333,0.0578,35.0,12.78,-1.11,1,2.05,4.75,26.030466,23.77588901,0.087807676
334,334,0.0578,35.0,12.78,4.44,1,2.05,4.75,26.20975706,24.32752889,0.082793408
335,335,0.0578,35.0,12.78,10.0,1,2.05,4.75,26.39871773,24.87588701,0.07722470099999999
336,336,0.1734,26.67,4.44,-1.11,1,2.05,4.75,25.55355629,23.06118269,0.26262704800000003
337,337,0.1734,26.67,7.22,-1.11,1,2.05,4.75,25.6757103,23.10528364,0.259703491
338,338,0.1734,26.67,7.22,4.44,1,2.05,4.75,25.86095828,23.39936227,0.268827357
339,339,0.1734,26.67,10.0,-1.11,1,2.05,4.75,25.83946064,23.35744234,0.236165249
340,340,0.1734,26.67,10.0,4.44,1,2.05,4.75,26.00686903,23.84104584,0.250561587
341,341,0.1734,26.67,12.78,-1.11,1,2.05,4.75,25.99279507,23.61453134,0.250622671
342,342,0.1734,26.67,12.78,4.44,1,2.05,4.75,26.15614868,23.91507053,0.259822324
343,343,0.1734,26.67,12.78,10.0,1,2.05,4.75,26.35051279,24.72869179,0.25336604100000004
344,344,0.1734,29.44,4.44,-1.11,1,2.05,4.75,25.62079387,23.24893388,0.20708969300000002
345,345,0.1734,29.44,7.22,-1.11,1,2.05,4.75,25.74492077,23.81846143,0.21983606
346,346,0.1734,29.44,7.22,4.44,1,2.05,4.75,25.92612065,24.16463936,0.225476962
347,347,0.1734,29.44,10.0,-1.11,1,2.05,4.75,25.85882793,23.69112217,0.24857481899999997
348,348,0.1734,29.44,10.0,4.44,1,2.05,4.75,26.0544951,24.18238338,0.277347632
349,349,0.1734,29.44,12.78,-1.11,1,2.05,4.75,26.0434934,24.3076992,0.207172445
350,350,0.1734,29.44,12.78,4.44,1,2.05,4.75,26.22134376,24.57475476,0.24400230399999998
351,351,0.1734,29.44,12.78,10.0,1,2.05,4.75,26.39228268,25.12323613,0.241182719
352,352,0.1734,35.0,4.44,-1.11,1,2.05,4.75,25.68475681,24.75449455,0.192461678
353,353,0.1734,35.0,7.22,-1.11,1,2.05,4.75,25.81653421,24.38980832,0.196484512
354,354,0.1734,35.0,7.22,4.44,1,2.05,4.75,25.97605509,24.88272237,0.246270455
355,355,0.1734,35.0,10.0,-1.11,1,2.05,4.75,25.96441716,25.19280272,0.20465224
356,356,0.1734,35.0,10.0,4.44,1,2.05,4.75,26.13284126,25.32425912,0.257078808
357,357,0.1734,35.0,12.78,-1.11,1,2.05,4.75,26.11915388,25.33518023,0.226693385
358,358,0.1734,35.0,12.78,4.44,1,2.05,4.75,26.28536364,25.57369792,0.236271415
359,359,0.1734,35.0,12.78,10.0,1,2.05,4.75,26.45687924,26.22393806,0.28000414100000004
360,360,0.0231,10.0,23.89,26.67,2,2.05,2.25,27.36353457,26.378014,0.08476840699999999
361,360,0.0231,10.0,23.89,26.67,2,2.05,4.75,27.54225989,26.35857084,0.06369319700000001
362,361,0.0231,10.0,23.89,30.56,2,2.05,2.25,27.72102119,26.61597508,0.082896713
363,361,0.0231,10.0,23.89,30.56,2,2.05,4.75,27.69462484,26.62187524,0.075172927
364,362,0.0231,10.0,23.89,33.61,2,2.05,2.25,28.0262028,26.91554865,0.070955744
365,362,0.0231,10.0,23.89,33.61,2,2.05,4.75,27.80866437,26.86510008,0.084627003
366,363,0.0231,10.0,23.89,36.39,2,2.05,2.25,28.29561645,27.09908224,0.069408896
367,363,0.0231,10.0,23.89,36.39,2,2.05,4.75,27.92715802,27.11461776,0.08137283099999999
368,364,0.0231,10.0,26.67,30.56,2,2.05,2.25,28.06469239,26.93829604,0.080314992
369,364,0.0231,10.0,26.67,30.56,2,2.05,4.75,27.8532614,26.85140405,0.08700774
370,365,0.0231,10.0,26.67,33.61,2,2.05,2.25,28.36537111,27.279657099999998,0.068960403
371,365,0.0231,10.0,26.67,33.61,2,2.05,4.75,27.97384198,27.10815597,0.08646039400000001
372,366,0.0231,10.0,26.67,36.39,2,2.05,2.25,28.63881902,27.52081788,0.071539873
373,366,0.0231,10.0,26.67,36.39,2,2.05,4.75,28.09140122,27.36249332,0.079247499
374,367,0.0231,10.0,29.44,30.56,2,2.05,2.25,28.42627845,27.39768715,0.069688328
375,367,0.0231,10.0,29.44,30.56,2,2.05,4.75,28.01906012,27.11122424,0.079396665
376,368,0.0231,10.0,29.44,33.61,2,2.05,2.25,28.71097352,27.58364481,0.07310258
377,368,0.0231,10.0,29.44,33.61,2,2.05,4.75,28.14031878,27.312419399999996,0.08708471400000001
378,369,0.0231,10.0,29.44,36.39,2,2.05,2.25,28.98545248,27.81669222,0.070596786
379,369,0.0231,10.0,29.44,36.39,2,2.05,4.75,28.25649127,27.57814628,0.08780317800000001
380,370,0.0231,10.0,32.22,33.61,2,2.05,2.25,29.07294698,27.94749051,0.06854408099999999
381,370,0.0231,10.0,32.22,33.61,2,2.05,4.75,28.31959733,27.64967768,0.07725324
382,371,0.0231,10.0,32.22,36.39,2,2.05,2.25,29.33984235,28.14815657,0.06292686
383,371,0.0231,10.0,32.22,36.39,2,2.05,4.75,28.42534277,27.80210752,0.08509810699999999
384,372,0.0231,12.78,23.89,26.67,2,2.05,2.25,27.37015029,26.47893164,0.078398263
385,372,0.0231,12.78,23.89,26.67,2,2.05,4.75,27.55724501,26.49772813,0.059497201
386,373,0.0231,12.78,23.89,30.56,2,2.05,2.25,27.74439535,26.80312419,0.070997505
387,373,0.0231,12.78,23.89,30.56,2,2.05,4.75,27.70224805,26.77167106,0.072378238
388,374,0.0231,12.78,23.89,33.61,2,2.05,2.25,28.03524478,27.03208576,0.068461957
389,374,0.0231,12.78,23.89,33.61,2,2.05,4.75,27.82093286,27.04656232,0.07462165700000001
390,375,0.0231,12.78,23.89,36.39,2,2.05,2.25,28.30955929,27.22898413,0.068161763
391,375,0.0231,12.78,23.89,36.39,2,2.05,4.75,27.93310954,27.26235093,0.083639662
392,376,0.0231,12.78,26.67,30.56,2,2.05,2.25,28.08083094,27.10430527,0.076827329
393,376,0.0231,12.78,26.67,30.56,2,2.05,4.75,27.86727022,27.01702024,0.08637775800000001
394,377,0.0231,12.78,26.67,33.61,2,2.05,2.25,28.37409721,27.40349676,0.07277611
395,377,0.0231,12.78,26.67,33.61,2,2.05,4.75,27.98620776,27.27757614,0.08832945199999999
396,378,0.0231,12.78,26.67,36.39,2,2.05,2.25,28.64161888,27.62217386,0.073476989
397,378,0.0231,12.78,26.67,36.39,2,2.05,4.75,28.10127318,27.50267767,0.083649355
398,379,0.0231,12.78,29.44,30.56,2,2.05,2.25,28.43253843,27.51010964,0.072282451
399,379,0.0231,12.78,29.44,30.56,2,2.05,4.75,28.02999431,27.19995781,0.079393438
400,380,0.0231,12.78,29.44,33.61,2,2.05,2.25,28.72562757,27.746161999999998,0.067081343
401,380,0.0231,12.78,29.44,33.61,2,2.05,4.75,28.15256862,27.52002167,0.088334875
402,381,0.0231,12.78,29.44,36.39,2,2.05,2.25,29.00060317,28.02120159,0.062634791
403,381,0.0231,12.78,29.44,36.39,2,2.05,4.75,28.27277041,27.806773100000004,0.078033423
404,382,0.0231,12.78,32.22,33.61,2,2.05,2.25,29.086223999999998,28.1055026,0.06607590299999999
405,382,0.0231,12.78,32.22,33.61,2,2.05,4.75,28.33102546,27.78436515,0.07976864
406,383,0.0231,12.78,32.22,36.39,2,2.05,2.25,29.35634975,28.34037401,0.059245129
407,383,0.0231,12.78,32.22,36.39,2,2.05,4.75,28.44211196,28.07129166,0.078567149
408,384,0.0231,15.56,23.89,26.67,2,2.05,2.25,27.38389421,26.59962461,0.07714062599999999
409,384,0.0231,15.56,23.89,26.67,2,2.05,4.75,27.5773995,26.62855206,0.06666289
410,385,0.0231,15.56,23.89,30.56,2,2.05,2.25,27.7531148,26.93509534,0.068142274
411,385,0.0231,15.56,23.89,30.56,2,2.05,4.75,27.71748242,26.95310716,0.07016311900000001
412,386,0.0231,15.56,23.89,33.61,2,2.05,2.25,28.04695761,27.17470676,0.06938377400000001
413,386,0.0231,15.56,23.89,33.61,2,2.05,4.75,27.83214529,27.20389985,0.07878353
414,387,0.0231,15.56,23.89,36.39,2,2.05,2.25,28.3223153,27.3718408,0.068219017
415,387,0.0231,15.56,23.89,36.39,2,2.05,4.75,27.95109566,27.44843635,0.07478865900000001
416,388,0.0231,15.56,26.67,30.56,2,2.05,2.25,28.09875485,27.32010652,0.07697646799999999
417,388,0.0231,15.56,26.67,30.56,2,2.05,4.75,27.8778774,27.18634256,0.08524716800000001
418,389,0.0231,15.56,26.67,33.61,2,2.05,2.25,28.38345834,27.53919975,0.073627407
419,389,0.0231,15.56,26.67,33.61,2,2.05,4.75,27.99708663,27.44821959,0.090011165
420,390,0.0231,15.56,26.67,36.39,2,2.05,2.25,28.65491272,27.74597278,0.063109451
421,390,0.0231,15.56,26.67,36.39,2,2.05,4.75,28.11064091,27.68658904,0.08760720300000001
422,391,0.0231,15.56,29.44,30.56,2,2.05,2.25,28.441265100000003,27.64611732,0.068287175
423,391,0.0231,15.56,29.44,30.56,2,2.05,4.75,28.04127832,27.39811005,0.093905255
424,392,0.0231,15.56,29.44,33.61,2,2.05,2.25,28.73215775,27.84861555,0.07279687900000001
425,392,0.0231,15.56,29.44,33.61,2,2.05,4.75,28.16496579,27.66329223,0.089345702
426,393,0.0231,15.56,29.44,36.39,2,2.05,2.25,29.004299699999997,28.1391081,0.06922055099999999
427,393,0.0231,15.56,29.44,36.39,2,2.05,4.75,28.28184994,27.98334345,0.082667725
428,394,0.0231,15.56,32.22,33.61,2,2.05,2.25,29.09441321,28.23709852,0.067074364
429,394,0.0231,15.56,32.22,33.61,2,2.05,4.75,28.33781949,27.93987601,0.090562869
430,395,0.0231,15.56,32.22,36.39,2,2.05,2.25,29.36468194,28.47745397,0.07239485799999999
431,395,0.0231,15.56,32.22,36.39,2,2.05,4.75,28.45855291,28.26125598,0.077760256
432,396,0.0578,10.0,23.89,26.67,2,2.05,2.25,27.27342735,25.2147315,0.12191211699999999
433,396,0.0578,10.0,23.89,26.67,2,2.05,4.75,27.475703000000003,25.40259789,0.098738701
434,397,0.0578,10.0,23.89,30.56,2,2.05,2.25,27.66744622,25.83197975,0.08011446900000001
435,397,0.0578,10.0,23.89,30.56,2,2.05,4.75,27.62325298,25.73046758,0.09379052800000001
436,398,0.0578,10.0,23.89,33.61,2,2.05,2.25,27.96364005,26.13702031,0.08690726300000001
437,398,0.0578,10.0,23.89,33.61,2,2.05,4.75,27.72671707,25.66353504,0.09605120800000001
438,399,0.0578,10.0,23.89,36.39,2,2.05,2.25,28.24175418,26.33938897,0.078829602
439,399,0.0578,10.0,23.89,36.39,2,2.05,4.75,27.82782408,25.87027644,0.10949684900000001
440,400,0.0578,10.0,26.67,30.56,2,2.05,2.25,28.02776243,26.20276173,0.09283686199999999
441,400,0.0578,10.0,26.67,30.56,2,2.05,4.75,27.77043013,25.67987283,0.09331523
442,401,0.0578,10.0,26.67,33.61,2,2.05,2.25,28.30561871,26.44860188,0.089799617
443,401,0.0578,10.0,26.67,33.61,2,2.05,4.75,27.89391763,26.05540421,0.086107562
444,402,0.0578,10.0,26.67,36.39,2,2.05,2.25,28.56900275,26.59682844,0.08400156
445,402,0.0578,10.0,26.67,36.39,2,2.05,4.75,27.996466100000003,26.05953946,0.098974737
446,403,0.0578,10.0,29.44,30.56,2,2.05,2.25,28.34905141,26.31190751,0.09599682
447,403,0.0578,10.0,29.44,30.56,2,2.05,4.75,27.92581161,25.85710708,0.109547967
448,404,0.0578,10.0,29.44,33.61,2,2.05,2.25,28.64029794,26.65481544,0.089091575
449,404,0.0578,10.0,29.44,33.61,2,2.05,4.75,28.04588978,26.12322497,0.102577211
450,405,0.0578,10.0,29.44,36.39,2,2.05,2.25,28.92335459,26.89168868,0.07974695
451,405,0.0578,10.0,29.44,36.39,2,2.05,4.75,28.15448887,26.34404869,0.10829422400000001
452,406,0.0578,10.0,32.22,33.61,2,2.05,2.25,29.000497999999997,26.91871912,0.08796482800000001
453,406,0.0578,10.0,32.22,33.61,2,2.05,4.75,28.20881991,26.32317463,0.129362239
454,407,0.0578,10.0,32.22,36.39,2,2.05,2.25,29.26639362,27.17684433,0.08432892800000001
455,407,0.0578,10.0,32.22,36.39,2,2.05,4.75,28.32035741,26.52522171,0.125054099
456,408,0.0578,12.78,23.89,26.67,2,2.05,2.25,27.32992544,25.73166603,0.081481989
457,408,0.0578,12.78,23.89,26.67,2,2.05,4.75,27.49452793,25.75574638,0.075380405
458,409,0.0578,12.78,23.89,30.56,2,2.05,2.25,27.67588421,25.98953874,0.09529563
459,409,0.0578,12.78,23.89,30.56,2,2.05,4.75,27.64014209,25.93441613,0.101347133
460,410,0.0578,12.78,23.89,33.61,2,2.05,2.25,27.99165767,26.37027408,0.08532581
461,410,0.0578,12.78,23.89,33.61,2,2.05,4.75,27.74038309,26.0758343,0.10751776699999999
462,411,0.0578,12.78,23.89,36.39,2,2.05,2.25,28.25645533,26.58550965,0.078440665
463,411,0.0578,12.78,23.89,36.39,2,2.05,4.75,27.84916774,26.2367516,0.107978836
464,412,0.0578,12.78,26.67,30.56,2,2.05,2.25,28.02297977,26.28340096,0.109002863
465,412,0.0578,12.78,26.67,30.56,2,2.05,4.75,27.78967169,26.02409516,0.110337416
466,413,0.0578,12.78,26.67,33.61,2,2.05,2.25,28.30927968,26.56012158,0.09995234199999999
467,413,0.0578,12.78,26.67,33.61,2,2.05,4.75,27.89551285,26.22948856,0.108673387
468,414,0.0578,12.78,26.67,36.39,2,2.05,2.25,28.60193736,26.96659022,0.07191222
469,414,0.0578,12.78,26.67,36.39,2,2.05,4.75,28.00977686,26.40582174,0.114002008
470,415,0.0578,12.78,29.44,30.56,2,2.05,2.25,28.35755277,26.55480025,0.10667894
471,415,0.0578,12.78,29.44,30.56,2,2.05,4.75,27.94657257,26.23007599,0.104833625
472,416,0.0578,12.78,29.44,33.61,2,2.05,2.25,28.65327365,26.84054604,0.102023167
473,416,0.0578,12.78,29.44,33.61,2,2.05,4.75,28.06624232,26.41377005,0.116752295
474,417,0.0578,12.78,29.44,36.39,2,2.05,2.25,28.94085938,27.19725408,0.080561231
475,417,0.0578,12.78,29.44,36.39,2,2.05,4.75,28.17496037,26.6365812,0.11435490300000001
476,418,0.0578,12.78,32.22,33.61,2,2.05,2.25,29.01500795,27.14052082,0.093243305
477,418,0.0578,12.78,32.22,33.61,2,2.05,4.75,28.23519858,26.63948435,0.123795744
478,419,0.0578,12.78,32.22,36.39,2,2.05,2.25,29.27688847,27.34361656,0.097262808
479,419,0.0578,12.78,32.22,36.39,2,2.05,4.75,28.34823015,26.89860595,0.116045556
480,420,0.0578,15.56,23.89,26.67,2,2.05,2.25,27.33936227,25.85616836,0.108520713
481,420,0.0578,15.56,23.89,26.67,2,2.05,4.75,27.53315377,26.03982409,0.11628471800000001
482,421,0.0578,15.56,23.89,30.56,2,2.05,2.25,27.69350552,26.2285598,0.08927664
483,421,0.0578,15.56,23.89,30.56,2,2.05,4.75,27.66582508,26.25697983,0.09986708300000001
484,422,0.0578,15.56,23.89,33.61,2,2.05,2.25,28.00324535,26.63203104,0.087888324
485,422,0.0578,15.56,23.89,33.61,2,2.05,4.75,27.76567061,26.40256681,0.099279965
486,423,0.0578,15.56,23.89,36.39,2,2.05,2.25,28.27165558,26.78404217,0.079644303
487,423,0.0578,15.56,23.89,36.39,2,2.05,4.75,27.88387773,26.586405199999998,0.097919286
488,424,0.0578,15.56,26.67,30.56,2,2.05,2.25,28.05015681,26.58365285,0.100417528
489,424,0.0578,15.56,26.67,30.56,2,2.05,4.75,27.81421709,26.29657542,0.110226111
490,425,0.0578,15.56,26.67,33.61,2,2.05,2.25,28.35119873,26.9434278,0.081313858
491,425,0.0578,15.56,26.67,33.61,2,2.05,4.75,27.92806079,26.51468636,0.107243856
492,426,0.0578,15.56,26.67,36.39,2,2.05,2.25,28.60978765,27.08713059,0.082750557
493,426,0.0578,15.56,26.67,36.39,2,2.05,4.75,28.03906224,26.75182401,0.10888334
494,427,0.0578,15.56,29.44,30.56,2,2.05,2.25,28.38469042,26.80425234,0.10324400199999999
495,427,0.0578,15.56,29.44,30.56,2,2.05,4.75,27.97349975,26.546063399999998,0.110063435
496,428,0.0578,15.56,29.44,33.61,2,2.05,2.25,28.68381433,27.18593581,0.08931062
497,428,0.0578,15.56,29.44,33.61,2,2.05,4.75,28.09125716,26.71967866,0.109001796
498,429,0.0578,15.56,29.44,36.39,2,2.05,2.25,28.96075412,27.45978803,0.071152913
499,429,0.0578,15.56,29.44,36.39,2,2.05,4.75,28.20555221,26.98840914,0.10407868
500,430,0.0578,15.56,32.22,33.61,2,2.05,2.25,29.02929478,27.397696000000003,0.098530263
501,430,0.0578,15.56,32.22,33.61,2,2.05,4.75,28.2680333,27.01341281,0.105636255
502,431,0.0578,15.56,32.22,36.39,2,2.05,2.25,29.30524908,27.6923532,0.09069698
503,431,0.0578,15.56,32.22,36.39,2,2.05,4.75,28.37476464,27.24429329,0.108335112
504,432,0.1734,10.0,23.89,26.67,2,2.05,2.25,27.1346311,23.98395584,0.203309653
505,432,0.1734,10.0,23.89,26.67,2,2.05,4.75,27.34466171,24.14592081,0.173795244
506,433,0.1734,10.0,23.89,30.56,2,2.05,2.25,27.49839065,24.32053737,0.23348192199999998
507,433,0.1734,10.0,23.89,30.56,2,2.05,4.75,27.49048748,24.31731125,0.180671515
508,434,0.1734,10.0,23.89,33.61,2,2.05,2.25,27.80464951,24.63071445,0.169112005
509,434,0.1734,10.0,23.89,33.61,2,2.05,4.75,27.61692204,24.74049269,0.16866572
510,435,0.1734,10.0,23.89,36.39,2,2.05,2.25,28.10370412,24.85559425,0.149699016
511,435,0.1734,10.0,23.89,36.39,2,2.05,4.75,27.7037594,24.49330263,0.18484514
512,436,0.1734,10.0,26.67,30.56,2,2.05,2.25,27.84894236,24.5568171,0.163138912
513,436,0.1734,10.0,26.67,30.56,2,2.05,4.75,27.64204883,24.32220782,0.167772599
514,437,0.1734,10.0,26.67,33.61,2,2.05,2.25,28.14365302,25.04249088,0.129869355
515,437,0.1734,10.0,26.67,33.61,2,2.05,4.75,27.77855365,24.48039688,0.167335595
516,438,0.1734,10.0,26.67,36.39,2,2.05,2.25,28.40469961,24.9946745,0.18904415800000002
517,438,0.1734,10.0,26.67,36.39,2,2.05,4.75,27.86310127,24.44175324,0.17648373
518,439,0.1734,10.0,29.44,30.56,2,2.05,2.25,28.18598129,24.74315418,0.127512225
519,439,0.1734,10.0,29.44,30.56,2,2.05,4.75,27.81512216,24.51146518,0.17058293800000002
520,440,0.1734,10.0,29.44,33.61,2,2.05,2.25,28.49562399,25.03037032,0.151783775
521,440,0.1734,10.0,29.44,33.61,2,2.05,4.75,27.91086467,24.59224138,0.185781494
522,441,0.1734,10.0,29.44,36.39,2,2.05,2.25,28.757500699999998,25.30274244,0.145789391
523,441,0.1734,10.0,29.44,36.39,2,2.05,4.75,27.98557547,24.52109143,0.182216734
524,442,0.1734,10.0,32.22,33.61,2,2.05,2.25,28.83614963,25.16990161,0.18364066699999998
525,442,0.1734,10.0,32.22,33.61,2,2.05,4.75,28.06155066,24.54205961,0.184455013
526,443,0.1734,10.0,32.22,36.39,2,2.05,2.25,29.12743615,25.48854019,0.141984403
527,443,0.1734,10.0,32.22,36.39,2,2.05,4.75,28.156386600000005,24.63506871,0.162275712
528,444,0.1734,12.78,23.89,26.67,2,2.05,2.25,27.19066888,24.58171072,0.18766261
529,444,0.1734,12.78,23.89,26.67,2,2.05,4.75,27.37937322,24.49133064,0.19785214
530,445,0.1734,12.78,23.89,30.56,2,2.05,2.25,27.55486174,24.81717192,0.157896016
531,445,0.1734,12.78,23.89,30.56,2,2.05,4.75,27.51546693,25.03551914,0.162976018
532,446,0.1734,12.78,23.89,33.61,2,2.05,2.25,27.85062447,24.97242779,0.177930103
533,446,0.1734,12.78,23.89,33.61,2,2.05,4.75,27.65678272,25.04264807,0.190984045
534,447,0.1734,12.78,23.89,36.39,2,2.05,2.25,28.12949133,25.42853836,0.15217272699999998
535,447,0.1734,12.78,23.89,36.39,2,2.05,4.75,27.75514208,24.876661600000002,0.180007241
536,448,0.1734,12.78,26.67,30.56,2,2.05,2.25,27.88694063,25.02582652,0.16879269600000002
537,448,0.1734,12.78,26.67,30.56,2,2.05,4.75,27.69162104,25.05009258,0.175054629
538,449,0.1734,12.78,26.67,33.61,2,2.05,2.25,28.18839459,25.42638324,0.15512367
539,449,0.1734,12.78,26.67,33.61,2,2.05,4.75,27.795235499999997,25.26335697,0.18531725300000002
540,450,0.1734,12.78,26.67,36.39,2,2.05,2.25,28.45258153,25.57585278,0.152931189
541,450,0.1734,12.78,26.67,36.39,2,2.05,4.75,27.89437119,25.5157697,0.18843535399999997
542,451,0.1734,12.78,29.44,30.56,2,2.05,2.25,28.252014199999998,25.34078325,0.154708918
543,451,0.1734,12.78,29.44,30.56,2,2.05,4.75,27.8480492,25.09773295,0.183175402
544,452,0.1734,12.78,29.44,33.61,2,2.05,2.25,28.51562228,25.59971489,0.121303759
545,452,0.1734,12.78,29.44,33.61,2,2.05,4.75,27.974783399999996,25.1999912,0.158112447
546,453,0.1734,12.78,29.44,36.39,2,2.05,2.25,28.80375074,25.85908257,0.12204884099999999
547,453,0.1734,12.78,29.44,36.39,2,2.05,4.75,28.03692411,25.09740777,0.18731963399999998
548,454,0.1734,12.78,32.22,33.61,2,2.05,2.25,28.88208901,25.86129605,0.149140518
549,454,0.1734,12.78,32.22,33.61,2,2.05,4.75,28.1262707,25.12602015,0.177111902
550,455,0.1734,12.78,32.22,36.39,2,2.05,2.25,29.17738297,26.18642335,0.12611451699999998
551,455,0.1734,12.78,32.22,36.39,2,2.05,4.75,28.20533673,25.28337733,0.207471811
552,456,0.1734,15.56,23.89,26.67,2,2.05,2.25,27.23009249,24.93163139,0.17456176199999998
553,456,0.1734,15.56,23.89,26.67,2,2.05,4.75,27.41897793,24.89461773,0.19911582600000002
554,457,0.1734,15.56,23.89,30.56,2,2.05,2.25,27.60495925,25.40206799,0.17860850600000003
555,457,0.1734,15.56,23.89,30.56,2,2.05,4.75,27.56168377,25.33819787,0.17829808600000002
556,458,0.1734,15.56,23.89,33.61,2,2.05,2.25,27.89498977,25.74040952,0.146584464
557,458,0.1734,15.56,23.89,33.61,2,2.05,4.75,27.67808911,25.36660668,0.18350535699999998
558,459,0.1734,15.56,23.89,36.39,2,2.05,2.25,28.16304148,25.89515262,0.135787677
559,459,0.1734,15.56,23.89,36.39,2,2.05,4.75,27.81748728,25.69061208,0.147059207
560,460,0.1734,15.56,26.67,30.56,2,2.05,2.25,27.94197676,25.74960982,0.16475274
561,460,0.1734,15.56,26.67,30.56,2,2.05,4.75,27.7379767,25.56102739,0.166986197
562,461,0.1734,15.56,26.67,33.61,2,2.05,2.25,28.22671515,25.9029984,0.164059147
563,461,0.1734,15.56,26.67,33.61,2,2.05,4.75,27.85824677,25.57018993,0.15685981599999999
564,462,0.1734,15.56,26.67,36.39,2,2.05,2.25,28.49167367,26.03900225,0.15312494199999999
565,462,0.1734,15.56,26.67,36.39,2,2.05,4.75,27.95725469,25.76468501,0.171272619
566,463,0.1734,15.56,29.44,30.56,2,2.05,2.25,28.27962843,25.85593614,0.125640355
567,463,0.1734,15.56,29.44,30.56,2,2.05,4.75,27.88675891,25.54215744,0.18949863600000003
568,464,0.1734,15.56,29.44,33.61,2,2.05,2.25,28.55856264,26.08402906,0.142861049
569,464,0.1734,15.56,29.44,33.61,2,2.05,4.75,27.9989133,25.6718007,0.175084992
570,465,0.1734,15.56,29.44,36.39,2,2.05,2.25,28.82186297,26.23705716,0.128021572
571,465,0.1734,15.56,29.44,36.39,2,2.05,4.75,28.09400405,25.67328446,0.199904295
572,466,0.1734,15.56,32.22,33.61,2,2.05,2.25,28.90542183,26.304492100000004,0.12131513699999999
573,466,0.1734,15.56,32.22,33.61,2,2.05,4.75,28.15114981,25.69238219,0.19823489800000002
574,467,0.1734,15.56,32.22,36.39,2,2.05,2.25,29.18528833,26.48560398,0.12950115
575,467,0.1734,15.56,32.22,36.39,2,2.05,4.75,28.25344333,25.85558903,0.185508582
576,468,0.0231,26.67,4.44,-1.11,2,2.05,2.25,22.79514454,21.15159993,0.11347486300000001
577,468,0.0231,26.67,4.44,-1.11,2,2.05,4.75,25.49310797,21.70437449,0.101008141
578,469,0.0231,26.67,7.22,-1.11,2,2.05,2.25,23.09810374,21.48877706,0.11513025699999999
579,469,0.0231,26.67,7.22,-1.11,2,2.05,4.75,25.63999653,22.05659369,0.09873678400000001
580,470,0.0231,26.67,7.22,4.44,2,2.05,2.25,23.52966369,22.12086114,0.10634415400000001
581,470,0.0231,26.67,7.22,4.44,2,2.05,4.75,25.82706012,22.61124961,0.09632499
582,471,0.0231,26.67,10.0,-1.11,2,2.05,2.25,23.40715685,21.79750468,0.116675419
583,471,0.0231,26.67,10.0,-1.11,2,2.05,4.75,25.79056873,22.35698641,0.09821342599999999
584,472,0.0231,26.67,10.0,4.44,2,2.05,2.25,23.83870707,22.45802649,0.10806364800000001
585,472,0.0231,26.67,10.0,4.44,2,2.05,4.75,25.97700652,22.93999042,0.09598155300000001
586,473,0.0231,26.67,12.78,-1.11,2,2.05,2.25,23.72254151,22.14200561,0.120362009
587,473,0.0231,26.67,12.78,-1.11,2,2.05,4.75,25.94635319,22.67705643,0.09844938
588,474,0.0231,26.67,12.78,4.44,2,2.05,2.25,24.15373725,22.80304351,0.11134834199999999
589,474,0.0231,26.67,12.78,4.44,2,2.05,4.75,26.13083497,23.26491674,0.096502225
590,475,0.0231,26.67,12.78,10.0,2,2.05,2.25,24.60801456,23.49099815,0.101915369
591,475,0.0231,26.67,12.78,10.0,2,2.05,4.75,26.32412222,23.85996436,0.095209766
592,476,0.0231,29.44,4.44,-1.11,2,2.05,2.25,22.80113937,21.24882041,0.111747074
593,476,0.0231,29.44,4.44,-1.11,2,2.05,4.75,25.50243873,21.80311305,0.09932291900000001
594,477,0.0231,29.44,7.22,-1.11,2,2.05,2.25,23.10450342,21.58500329,0.11362062699999999
595,477,0.0231,29.44,7.22,-1.11,2,2.05,4.75,25.64784792,22.13228378,0.097738515
596,478,0.0231,29.44,7.22,4.44,2,2.05,2.25,23.53568664,22.21904284,0.104193881
597,478,0.0231,29.44,7.22,4.44,2,2.05,4.75,25.83460523,22.71345371,0.095654065
598,479,0.0231,29.44,10.0,-1.11,2,2.05,2.25,23.41493455,21.90917053,0.11450924
599,479,0.0231,29.44,10.0,-1.11,2,2.05,4.75,25.79781365,22.45464794,0.09705161699999999
600,480,0.0231,29.44,10.0,4.44,2,2.05,2.25,23.84540688,22.56084379,0.105548448
601,480,0.0231,29.44,10.0,4.44,2,2.05,4.75,25.98369851,23.02765192,0.094363559
602,481,0.0231,29.44,12.78,-1.11,2,2.05,2.25,23.730684600000004,22.245424300000003,0.117621579
603,481,0.0231,29.44,12.78,-1.11,2,2.05,4.75,25.95299972,22.77055468,0.09723576699999999
604,482,0.0231,29.44,12.78,4.44,2,2.05,2.25,24.16088713,22.90410535,0.108772806
605,482,0.0231,29.44,12.78,4.44,2,2.05,4.75,26.13686401,23.34537806,0.09478597
606,483,0.0231,29.44,12.78,10.0,2,2.05,2.25,24.61379081,23.58130995,0.09844281199999999
607,483,0.0231,29.44,12.78,10.0,2,2.05,4.75,26.33115279,23.95326339,0.09346395099999999
608,484,0.0231,35.0,4.44,-1.11,2,2.05,2.25,22.8149951,21.4346635,0.10768966
609,484,0.0231,35.0,4.44,-1.11,2,2.05,4.75,25.51734809,21.92728569,0.09360541900000001
610,485,0.0231,35.0,7.22,-1.11,2,2.05,2.25,23.11758002,21.77178008,0.11035215699999999
611,485,0.0231,35.0,7.22,-1.11,2,2.05,4.75,25.66242843,22.28455137,0.094950584
612,486,0.0231,35.0,7.22,4.44,2,2.05,2.25,23.5466266,22.37353933,0.099897505
613,486,0.0231,35.0,7.22,4.44,2,2.05,4.75,25.84886409,22.85706715,0.09221160800000001
614,487,0.0231,35.0,10.0,-1.11,2,2.05,2.25,23.42793941,22.11674922,0.111481602
615,487,0.0231,35.0,10.0,-1.11,2,2.05,4.75,25.81214998,22.64302237,0.09450176800000001
616,488,0.0231,35.0,10.0,4.44,2,2.05,2.25,23.85688936,22.73870279,0.101906249
617,488,0.0231,35.0,10.0,4.44,2,2.05,4.75,25.99767624,23.20540731,0.091903869
618,489,0.0231,35.0,12.78,-1.11,2,2.05,2.25,23.74692405,22.46804601,0.11221308199999999
619,489,0.0231,35.0,12.78,-1.11,2,2.05,4.75,25.96819084,22.97402835,0.094627855
620,490,0.0231,35.0,12.78,4.44,2,2.05,2.25,24.1745391,23.09309778,0.103115241
621,490,0.0231,35.0,12.78,4.44,2,2.05,4.75,26.150195999999998,23.52507258,0.09193826699999999
622,491,0.0231,35.0,12.78,10.0,2,2.05,2.25,24.62590839,23.75232189,0.0946489
623,491,0.0231,35.0,12.78,10.0,2,2.05,4.75,26.34445528,24.13080292,0.08946423099999999
624,492,0.0578,26.67,4.44,-1.11,2,2.05,2.25,22.84149921,21.82238886,0.105415149
625,492,0.0578,26.67,4.44,-1.11,2,2.05,4.75,25.55064462,22.35726172,0.096721
626,493,0.0578,26.67,7.22,-1.11,2,2.05,2.25,23.14476373,22.14131154,0.107406388
627,493,0.0578,26.67,7.22,-1.11,2,2.05,4.75,25.69849257,22.7002837,0.098014209
628,494,0.0578,26.67,7.22,4.44,2,2.05,2.25,23.57607267,22.73955404,0.09773746400000001
629,494,0.0578,26.67,7.22,4.44,2,2.05,4.75,25.87759432,23.24132499,0.091490269
630,495,0.0578,26.67,10.0,-1.11,2,2.05,2.25,23.45664835,22.47314955,0.108926815
631,495,0.0578,26.67,10.0,-1.11,2,2.05,4.75,25.84638008,23.02722369,0.096696239
632,496,0.0578,26.67,10.0,4.44,2,2.05,2.25,23.88687426,23.05032812,0.09973891800000001
633,496,0.0578,26.67,10.0,4.44,2,2.05,4.75,26.02649396,23.56107887,0.09365178800000001
634,497,0.0578,26.67,12.78,-1.11,2,2.05,2.25,23.77254677,22.81043321,0.111808505
635,497,0.0578,26.67,12.78,-1.11,2,2.05,4.75,25.99787558,23.33041141,0.096981966
636,498,0.0578,26.67,12.78,4.44,2,2.05,2.25,24.19949245,23.37126944,0.104069977
637,498,0.0578,26.67,12.78,4.44,2,2.05,4.75,26.17844457,23.87165711,0.09504597099999999
638,499,0.0578,26.67,12.78,10.0,2,2.05,2.25,24.64988809,23.95136022,0.09566377400000001
639,499,0.0578,26.67,12.78,10.0,2,2.05,4.75,26.36811652,24.4203375,0.09176304
640,500,0.0578,29.44,4.44,-1.11,2,2.05,2.25,22.86087002,22.11150431,0.099548135
641,500,0.0578,29.44,4.44,-1.11,2,2.05,4.75,25.56700356,22.58511918,0.090518006
642,501,0.0578,29.44,7.22,-1.11,2,2.05,2.25,23.16125375,22.4078584,0.102249704
643,501,0.0578,29.44,7.22,-1.11,2,2.05,4.75,25.712015100000002,22.8743442,0.090782875
644,502,0.0578,29.44,7.22,4.44,2,2.05,2.25,23.59260776,22.99788484,0.094733926
645,502,0.0578,29.44,7.22,4.44,2,2.05,4.75,25.89214917,23.43100128,0.084822575
646,503,0.0578,29.44,10.0,-1.11,2,2.05,2.25,23.47093758,22.69935699,0.104020531
647,503,0.0578,29.44,10.0,-1.11,2,2.05,4.75,25.86145303,23.18438141,0.091903916
648,504,0.0578,29.44,10.0,4.44,2,2.05,2.25,23.8981551,23.30902438,0.09482177300000001
649,504,0.0578,29.44,10.0,4.44,2,2.05,4.75,26.04107311,23.74117619,0.086030161
650,505,0.0578,29.44,12.78,-1.11,2,2.05,2.25,23.78684766,23.01976576,0.105094387
651,505,0.0578,29.44,12.78,-1.11,2,2.05,4.75,26.01416395,23.51896735,0.092448796
652,506,0.0578,29.44,12.78,4.44,2,2.05,2.25,24.21486388,23.62946222,0.095256323
653,506,0.0578,29.44,12.78,4.44,2,2.05,4.75,26.19321001,24.05845761,0.08771313300000001
654,507,0.0578,29.44,12.78,10.0,2,2.05,2.25,24.66519084,24.20511948,0.087962734
655,507,0.0578,29.44,12.78,10.0,2,2.05,4.75,26.38172143,24.6083876,0.083369962
656,508,0.0578,35.0,4.44,-1.11,2,2.05,2.25,22.89347829,22.49251714,0.089741826
657,508,0.0578,35.0,4.44,-1.11,2,2.05,4.75,25.59632991,23.00023243,0.084204683
658,509,0.0578,35.0,7.22,-1.11,2,2.05,2.25,23.19253478,22.84252772,0.092563083
659,509,0.0578,35.0,7.22,-1.11,2,2.05,4.75,25.74138239,23.29457184,0.084144771
660,510,0.0578,35.0,7.22,4.44,2,2.05,2.25,23.62563456,23.38156745,0.084119767
661,510,0.0578,35.0,7.22,4.44,2,2.05,4.75,25.91906106,23.83244301,0.080518517
662,511,0.0578,35.0,10.0,-1.11,2,2.05,2.25,23.49960608,23.16070089,0.09409312
663,511,0.0578,35.0,10.0,-1.11,2,2.05,4.75,25.88887247,23.58538107,0.08454418400000001
664,512,0.0578,35.0,10.0,4.44,2,2.05,2.25,23.92989175,23.71840842,0.08750954
665,512,0.0578,35.0,10.0,4.44,2,2.05,4.75,26.06667544,24.12349053,0.080548745
666,513,0.0578,35.0,12.78,-1.11,2,2.05,2.25,23.81628536,23.48718033,0.095979116
667,513,0.0578,35.0,12.78,-1.11,2,2.05,4.75,26.04088053,23.89536707,0.08525033
668,514,0.0578,35.0,12.78,4.44,2,2.05,2.25,24.24218923,24.05807528,0.08927165699999999
669,514,0.0578,35.0,12.78,4.44,2,2.05,4.75,26.21921948,24.42783029,0.081004377
670,515,0.0578,35.0,12.78,10.0,2,2.05,2.25,24.69452856,24.64007123,0.08013672200000001
671,515,0.0578,35.0,12.78,10.0,2,2.05,4.75,26.40840151,24.97713264,0.075185696
672,516,0.1734,26.67,4.44,-1.11,2,2.05,2.25,22.87057418,23.06085025,0.25167278600000004
673,516,0.1734,26.67,4.44,-1.11,2,2.05,4.75,25.56939549,22.68545673,0.164791649
674,517,0.1734,26.67,7.22,-1.11,2,2.05,2.25,23.15069272,23.14617262,0.27219594199999997
675,517,0.1734,26.67,7.22,-1.11,2,2.05,4.75,25.72140294,23.22795074,0.194411759
676,518,0.1734,26.67,7.22,4.44,2,2.05,2.25,23.54951012,23.15545723,0.22362269899999998
677,518,0.1734,26.67,7.22,4.44,2,2.05,4.75,25.88814882,24.11484309,0.246896273
678,519,0.1734,26.67,10.0,-1.11,2,2.05,2.25,23.45451069,23.20429414,0.24612777600000002
679,519,0.1734,26.67,10.0,-1.11,2,2.05,4.75,25.85905231,23.47310179,0.24758381100000001
680,520,0.1734,26.67,10.0,4.44,2,2.05,2.25,23.85912694,23.63828414,0.248122328
681,520,0.1734,26.67,10.0,4.44,2,2.05,4.75,26.03245199,24.02038979,0.262439724
682,521,0.1734,26.67,12.78,-1.11,2,2.05,2.25,23.74685821,23.30320007,0.23794548199999999
683,521,0.1734,26.67,12.78,-1.11,2,2.05,4.75,25.99451355,23.67715198,0.266970058
684,522,0.1734,26.67,12.78,4.44,2,2.05,2.25,24.18398595,23.825531899999998,0.235600705
685,522,0.1734,26.67,12.78,4.44,2,2.05,4.75,26.17238531,24.09946544,0.282685253
686,523,0.1734,26.67,12.78,10.0,2,2.05,2.25,24.6189718,24.47398609,0.199701629
687,523,0.1734,26.67,12.78,10.0,2,2.05,4.75,26.35042052,24.61870759,0.25877607399999997
688,524,0.1734,29.44,4.44,-1.11,2,2.05,2.25,22.88865662,23.06755178,0.251196735
689,524,0.1734,29.44,4.44,-1.11,2,2.05,4.75,25.60966393,23.40843986,0.18298974899999998
690,525,0.1734,29.44,7.22,-1.11,2,2.05,2.25,23.18927112,23.28860445,0.237188498
691,525,0.1734,29.44,7.22,-1.11,2,2.05,4.75,25.75371852,23.76293176,0.186256845
692,526,0.1734,29.44,7.22,4.44,2,2.05,2.25,23.61048761,23.89426031,0.214521568
693,526,0.1734,29.44,7.22,4.44,2,2.05,4.75,25.92813716,24.07436755,0.21539533100000002
694,527,0.1734,29.44,10.0,-1.11,2,2.05,2.25,23.49587281,23.59764509,0.184571044
695,527,0.1734,29.44,10.0,-1.11,2,2.05,4.75,25.88063029,24.26346927,0.24482463100000001
696,528,0.1734,29.44,10.0,4.44,2,2.05,2.25,23.90563287,24.00226842,0.202134807
697,528,0.1734,29.44,10.0,4.44,2,2.05,4.75,26.07193518,24.626353899999998,0.237647871
698,529,0.1734,29.44,12.78,-1.11,2,2.05,2.25,23.79773089,24.11657992,0.25763606699999997
699,529,0.1734,29.44,12.78,-1.11,2,2.05,4.75,26.03105794,23.9760057,0.237278286
700,530,0.1734,29.44,12.78,4.44,2,2.05,2.25,24.21027336,24.22581334,0.21760086399999998
701,530,0.1734,29.44,12.78,4.44,2,2.05,4.75,26.2036088,24.43591985,0.271222069
702,531,0.1734,29.44,12.78,10.0,2,2.05,2.25,24.67601007,24.68150462,0.20741681899999997
703,531,0.1734,29.44,12.78,10.0,2,2.05,4.75,26.39236401,24.9845693,0.279805252
704,532,0.1734,35.0,4.44,-1.11,2,2.05,2.25,22.97638333,24.32500752,0.22049638300000002
705,532,0.1734,35.0,4.44,-1.11,2,2.05,4.75,25.71024153,24.74173109,0.21809267100000002
706,533,0.1734,35.0,7.22,-1.11,2,2.05,2.25,23.26637164,24.42773494,0.218466978
707,533,0.1734,35.0,7.22,-1.11,2,2.05,4.75,25.84126158,24.91126583,0.23807559399999997
708,534,0.1734,35.0,7.22,4.44,2,2.05,2.25,23.71900122,24.928857100000002,0.177870655
709,534,0.1734,35.0,7.22,4.44,2,2.05,4.75,26.02605808,25.29150185,0.23015718899999998
710,535,0.1734,35.0,10.0,-1.11,2,2.05,2.25,23.55485308,24.23373341,0.166455996
711,535,0.1734,35.0,10.0,-1.11,2,2.05,4.75,25.97138888,25.30459705,0.224995133
712,536,0.1734,35.0,10.0,4.44,2,2.05,2.25,23.97947427,24.72919511,0.163538219
713,536,0.1734,35.0,10.0,4.44,2,2.05,4.75,26.13297314,25.52912072,0.260524162
714,537,0.1734,35.0,12.78,-1.11,2,2.05,2.25,23.87527518,24.677258600000002,0.161027108
715,537,0.1734,35.0,12.78,-1.11,2,2.05,4.75,26.10682202,25.17160209,0.24842694699999998
716,538,0.1734,35.0,12.78,4.44,2,2.05,2.25,24.31051567,25.01559945,0.205478484
717,538,0.1734,35.0,12.78,4.44,2,2.05,4.75,26.29263296,25.82048554,0.280356373
718,539,0.1734,35.0,12.78,10.0,2,2.05,2.25,24.75386037,25.63284753,0.225634597
719,539,0.1734,35.0,12.78,10.0,2,2.05,4.75,26.48640616,26.26843206,0.274387673
