index,sim,mass,tem_supply,tem_surf,tem_win,n_occ,x,y,MRT
0,0,0.023125428,26.6666667,4.4444444,-1.1111111,1,2.05,2.25,26.1860083
1,1,0.057813569,26.6666667,4.4444444,-1.1111111,1,2.05,2.25,26.52212791
2,2,0.173440706,26.6666667,4.4444444,-1.1111111,1,2.05,2.25,26.79865974
3,3,0.023125428,29.4444444,4.4444444,-1.1111111,1,2.05,2.25,27.02873021
4,4,0.057813569,29.4444444,4.4444444,-1.1111111,1,2.05,2.25,26.84392521
5,5,0.173440706,29.4444444,4.4444444,-1.1111111,1,2.05,2.25,27.12839261
6,6,0.023125428,35,4.4444444,-1.1111111,1,2.05,2.25,27.4066043
7,7,0.057813569,35,4.4444444,-1.1111111,1,2.05,2.25,27.20981992
8,8,0.173440706,35,4.4444444,-1.1111111,1,2.05,2.25,27.45990084
9,9,0.023125428,26.6666667,7.2222222,-1.1111111,1,2.05,2.25,27.74249132
10,10,0.057813569,26.6666667,7.2222222,-1.1111111,1,2.05,2.25,27.89972034
11,11,0.173440706,26.6666667,7.2222222,-1.1111111,1,2.05,2.25,28.08814225
12,12,0.023125428,29.4444444,7.2222222,-1.1111111,1,2.05,2.25,26.36477942
13,13,0.057813569,29.4444444,7.2222222,-1.1111111,1,2.05,2.25,26.68861266
14,14,0.173440706,29.4444444,7.2222222,-1.1111111,1,2.05,2.25,26.99608581
15,15,0.023125428,35,7.2222222,-1.1111111,1,2.05,2.25,27.16472886
16,16,0.057813569,35,7.2222222,-1.1111111,1,2.05,2.25,27.02666413
17,17,0.173440706,35,7.2222222,-1.1111111,1,2.05,2.25,27.27684721
18,18,0.023125428,26.6666667,10,-1.1111111,1,2.05,2.25,27.53730972
19,19,0.057813569,26.6666667,10,-1.1111111,1,2.05,2.25,27.40342727
20,20,0.173440706,26.6666667,10,-1.1111111,1,2.05,2.25,27.64007655
21,21,0.023125428,29.4444444,10,-1.1111111,1,2.05,2.25,27.97538976
22,22,0.057813569,29.4444444,10,-1.1111111,1,2.05,2.25,28.00954091
23,23,0.173440706,29.4444444,10,-1.1111111,1,2.05,2.25,28.30559964
24,24,0.023125428,35,10,-1.1111111,1,2.05,2.25,26.48825671
25,25,0.057813569,35,10,-1.1111111,1,2.05,2.25,26.83935574
26,26,0.173440706,35,10,-1.1111111,1,2.05,2.25,27.08118381
27,27,0.023125428,26.6666667,12.7777778,-1.1111111,1,2.05,2.25,27.29829547
28,28,0.057813569,26.6666667,12.7777778,-1.1111111,1,2.05,2.25,27.13993239
29,29,0.173440706,26.6666667,12.7777778,-1.1111111,1,2.05,2.25,27.44159383
30,30,0.023125428,29.4444444,12.7777778,-1.1111111,1,2.05,2.25,27.70803339
31,31,0.057813569,29.4444444,12.7777778,-1.1111111,1,2.05,2.25,27.52065245
32,32,0.173440706,29.4444444,12.7777778,-1.1111111,1,2.05,2.25,27.79820187
33,33,0.023125428,35,12.7777778,-1.1111111,1,2.05,2.25,28.06849177
34,34,0.057813569,35,12.7777778,-1.1111111,1,2.05,2.25,28.21150579
35,35,0.173440706,35,12.7777778,-1.1111111,1,2.05,2.25,28.39493885
36,36,0.023125428,26.6666667,4.4444444,4.4444444,1,2.05,2.25,25.15772289
37,37,0.057813569,26.6666667,4.4444444,4.4444444,1,2.05,2.25,25.52901519
38,38,0.173440706,26.6666667,4.4444444,4.4444444,1,2.05,2.25,25.96578066
39,39,0.023125428,29.4444444,4.4444444,4.4444444,1,2.05,2.25,26.22979509
40,40,0.057813569,29.4444444,4.4444444,4.4444444,1,2.05,2.25,26.04398
41,41,0.173440706,29.4444444,4.4444444,4.4444444,1,2.05,2.25,26.34981446
42,42,0.023125428,35,4.4444444,4.4444444,1,2.05,2.25,26.57930569
43,43,0.057813569,35,4.4444444,4.4444444,1,2.05,2.25,26.36590268
44,44,0.173440706,35,4.4444444,4.4444444,1,2.05,2.25,26.64848589
45,45,0.023125428,26.6666667,7.2222222,4.4444444,1,2.05,2.25,26.95315259
46,46,0.057813569,26.6666667,7.2222222,4.4444444,1,2.05,2.25,26.89822473
47,47,0.173440706,26.6666667,7.2222222,4.4444444,1,2.05,2.25,27.18480059
48,48,0.023125428,29.4444444,7.2222222,4.4444444,1,2.05,2.25,25.61974646
49,49,0.057813569,29.4444444,7.2222222,4.4444444,1,2.05,2.25,25.99812491
50,50,0.173440706,29.4444444,7.2222222,4.4444444,1,2.05,2.25,26.15888216
51,51,0.023125428,35,7.2222222,4.4444444,1,2.05,2.25,26.43110605
52,52,0.057813569,35,7.2222222,4.4444444,1,2.05,2.25,26.3310876
53,53,0.173440706,35,7.2222222,4.4444444,1,2.05,2.25,26.57057538
54,54,0.023125428,26.6666667,10,4.4444444,1,2.05,2.25,26.83000401
55,55,0.057813569,26.6666667,10,4.4444444,1,2.05,2.25,26.60968259
56,56,0.173440706,26.6666667,10,4.4444444,1,2.05,2.25,26.8734185
57,57,0.023125428,29.4444444,10,4.4444444,1,2.05,2.25,27.17194046
58,58,0.057813569,29.4444444,10,4.4444444,1,2.05,2.25,27.16131157
59,59,0.173440706,29.4444444,10,4.4444444,1,2.05,2.25,27.29058475
60,60,0.023125428,35,10,4.4444444,1,2.05,2.25,25.90088807
61,61,0.057813569,35,10,4.4444444,1,2.05,2.25,26.19876994
62,62,0.173440706,35,10,4.4444444,1,2.05,2.25,26.54571926
63,63,0.023125428,26.6666667,12.7777778,4.4444444,1,2.05,2.25,26.62821172
64,64,0.057813569,26.6666667,12.7777778,4.4444444,1,2.05,2.25,26.56977426
65,65,0.173440706,26.6666667,12.7777778,4.4444444,1,2.05,2.25,26.77304678
66,66,0.023125428,29.4444444,12.7777778,4.4444444,1,2.05,2.25,27.06449681
67,67,0.057813569,29.4444444,12.7777778,4.4444444,1,2.05,2.25,26.85013768
68,68,0.173440706,29.4444444,12.7777778,4.4444444,1,2.05,2.25,27.12879349
69,69,0.023125428,35,12.7777778,4.4444444,1,2.05,2.25,27.43009533
70,70,0.057813569,35,12.7777778,4.4444444,1,2.05,2.25,27.36305762
71,71,0.173440706,35,12.7777778,4.4444444,1,2.05,2.25,27.66970932
72,72,0.023125428,26.6666667,4.4444444,10,1,2.05,2.25,23.97714954
73,73,0.057813569,26.6666667,4.4444444,10,1,2.05,2.25,24.08403898
74,74,0.173440706,26.6666667,4.4444444,10,1,2.05,2.25,24.51643323
75,75,0.023125428,29.4444444,4.4444444,10,1,2.05,2.25,24.77652355
76,76,0.057813569,29.4444444,4.4444444,10,1,2.05,2.25,24.61089318
77,77,0.173440706,29.4444444,4.4444444,10,1,2.05,2.25,24.76929843
78,78,0.023125428,35,4.4444444,10,1,2.05,2.25,25.10347921
79,79,0.057813569,35,4.4444444,10,1,2.05,2.25,24.85169492
80,80,0.173440706,35,4.4444444,10,1,2.05,2.25,25.07608693
81,81,0.023125428,26.6666667,7.2222222,10,1,2.05,2.25,25.48941665
82,82,0.057813569,26.6666667,7.2222222,10,1,2.05,2.25,25.51966531
83,83,0.173440706,26.6666667,7.2222222,10,1,2.05,2.25,25.20511856
84,84,0.023125428,29.4444444,7.2222222,10,1,2.05,2.25,24.47796174
85,85,0.057813569,29.4444444,7.2222222,10,1,2.05,2.25,24.82484134
86,86,0.173440706,29.4444444,7.2222222,10,1,2.05,2.25,25.23959517
87,87,0.023125428,35,7.2222222,10,1,2.05,2.25,25.31281319
88,88,0.057813569,35,7.2222222,10,1,2.05,2.25,25.03364485
89,89,0.173440706,35,7.2222222,10,1,2.05,2.25,25.19915907
90,90,0.023125428,26.6666667,10,10,1,2.05,2.25,25.5126434
91,91,0.057813569,26.6666667,10,10,1,2.05,2.25,25.26933242
92,92,0.173440706,26.6666667,10,10,1,2.05,2.25,25.5053763
93,93,0.023125428,29.4444444,10,10,1,2.05,2.25,25.82914597
94,94,0.057813569,29.4444444,10,10,1,2.05,2.25,25.89658359
95,95,0.173440706,29.4444444,10,10,1,2.05,2.25,25.88387846
96,96,0.023125428,35,10,10,1,2.05,2.25,25.00473534
97,97,0.057813569,35,10,10,1,2.05,2.25,25.28102618
98,98,0.173440706,35,10,10,1,2.05,2.25,25.48806129
99,99,0.023125428,26.6666667,12.7777778,10,1,2.05,2.25,25.71344177
100,100,0.057813569,26.6666667,12.7777778,10,1,2.05,2.25,25.56356266
101,101,0.173440706,26.6666667,12.7777778,10,1,2.05,2.25,25.7989082
102,102,0.023125428,29.4444444,12.7777778,10,1,2.05,2.25,25.89744639
103,103,0.057813569,29.4444444,12.7777778,10,1,2.05,2.25,25.76177096
104,104,0.173440706,29.4444444,12.7777778,10,1,2.05,2.25,26.10527979
105,105,0.023125428,35,12.7777778,10,1,2.05,2.25,26.24306992
106,106,0.057813569,35,12.7777778,10,1,2.05,2.25,26.02540343
107,107,0.173440706,35,12.7777778,10,1,2.05,2.25,26.46032878
108,108,0.023125428,26.6666667,4.4444444,12.7777778,1,2.05,2.25,21.24003037
109,109,0.057813569,26.6666667,4.4444444,12.7777778,1,2.05,2.25,21.58052119
110,110,0.173440706,26.6666667,4.4444444,12.7777778,1,2.05,2.25,22.15525536
111,111,0.023125428,29.4444444,4.4444444,12.7777778,1,2.05,2.25,21.91646123
112,112,0.057813569,29.4444444,4.4444444,12.7777778,1,2.05,2.25,22.49149141
113,113,0.173440706,29.4444444,4.4444444,12.7777778,1,2.05,2.25,22.2451162
114,114,0.023125428,35,4.4444444,12.7777778,1,2.05,2.25,22.83327647
115,115,0.057813569,35,4.4444444,12.7777778,1,2.05,2.25,23.45379844
116,116,0.173440706,35,4.4444444,12.7777778,1,2.05,2.25,21.32464599
117,117,0.023125428,26.6666667,7.2222222,12.7777778,1,2.05,2.25,21.68329411
118,118,0.057813569,26.6666667,7.2222222,12.7777778,1,2.05,2.25,22.2513381
119,119,0.173440706,26.6666667,7.2222222,12.7777778,1,2.05,2.25,22.01672571
120,120,0.023125428,29.4444444,7.2222222,12.7777778,1,2.05,2.25,22.59831934
121,121,0.057813569,29.4444444,7.2222222,12.7777778,1,2.05,2.25,22.36364192
122,122,0.173440706,29.4444444,7.2222222,12.7777778,1,2.05,2.25,22.93244032
123,123,0.023125428,35,7.2222222,12.7777778,1,2.05,2.25,23.56010848
124,124,0.057813569,35,7.2222222,12.7777778,1,2.05,2.25,21.49690337
125,125,0.173440706,35,7.2222222,12.7777778,1,2.05,2.25,21.84296887
126,126,0.023125428,26.6666667,10,12.7777778,1,2.05,2.25,22.42141486
127,127,0.057813569,26.6666667,10,12.7777778,1,2.05,2.25,22.16698016
128,128,0.173440706,26.6666667,10,12.7777778,1,2.05,2.25,22.76891549
129,129,0.023125428,29.4444444,10,12.7777778,1,2.05,2.25,22.50670614
130,130,0.057813569,29.4444444,10,12.7777778,1,2.05,2.25,23.09833867
131,131,0.173440706,29.4444444,10,12.7777778,1,2.05,2.25,23.74097105
132,132,0.023125428,35,10,12.7777778,1,2.05,2.25,21.92108147
133,133,0.057813569,35,10,12.7777778,1,2.05,2.25,22.22884367
134,134,0.173440706,35,10,12.7777778,1,2.05,2.25,22.78038989
135,135,0.023125428,26.6666667,12.7777778,12.7777778,1,2.05,2.25,22.55590541
136,136,0.057813569,26.6666667,12.7777778,12.7777778,1,2.05,2.25,23.11472669
137,137,0.173440706,26.6666667,12.7777778,12.7777778,1,2.05,2.25,22.8812436
138,138,0.023125428,29.4444444,12.7777778,12.7777778,1,2.05,2.25,23.429604
139,139,0.057813569,29.4444444,12.7777778,12.7777778,1,2.05,2.25,23.97805037
140,140,0.173440706,29.4444444,12.7777778,12.7777778,1,2.05,2.25,22.15899053
141,141,0.023125428,35,12.7777778,12.7777778,1,2.05,2.25,22.4795273
142,142,0.057813569,35,12.7777778,12.7777778,1,2.05,2.25,22.9942623
143,143,0.173440706,35,12.7777778,12.7777778,1,2.05,2.25,22.79241218
144,144,0.023125428,10,23.8888889,26.6666667,1,2.05,2.25,23.32571011
145,145,0.057813569,10,23.8888889,26.6666667,1,2.05,2.25,23.11293367
146,146,0.173440706,10,23.8888889,26.6666667,1,2.05,2.25,23.65451564
147,147,0.023125428,12.7777778,23.8888889,26.6666667,1,2.05,2.25,24.22365663
148,148,0.057813569,12.7777778,23.8888889,26.6666667,1,2.05,2.25,22.51494113
149,149,0.173440706,12.7777778,23.8888889,26.6666667,1,2.05,2.25,22.83660314
150,150,0.023125428,15.5555556,23.8888889,26.6666667,1,2.05,2.25,23.36460043
151,151,0.057813569,15.5555556,23.8888889,26.6666667,1,2.05,2.25,23.16842763
152,152,0.173440706,15.5555556,23.8888889,26.6666667,1,2.05,2.25,23.69839501
153,153,0.023125428,10,26.6666667,26.6666667,1,2.05,2.25,23.50812625
154,154,0.057813569,10,26.6666667,26.6666667,1,2.05,2.25,24.04968272
155,155,0.173440706,10,26.6666667,26.6666667,1,2.05,2.25,24.61023985
156,156,0.023125428,12.7777778,26.6666667,26.6666667,1,2.05,2.25,22.93964742
157,157,0.057813569,12.7777778,26.6666667,26.6666667,1,2.05,2.25,23.03186231
158,158,0.173440706,12.7777778,26.6666667,26.6666667,1,2.05,2.25,23.28349985
159,159,0.023125428,15.5555556,26.6666667,26.6666667,1,2.05,2.25,23.52486587
160,160,0.057813569,15.5555556,26.6666667,26.6666667,1,2.05,2.25,23.4860377
161,161,0.173440706,15.5555556,26.6666667,26.6666667,1,2.05,2.25,23.50029254
162,162,0.023125428,10,29.4444444,26.6666667,1,2.05,2.25,23.83298861
163,163,0.057813569,10,29.4444444,26.6666667,1,2.05,2.25,24.37744091
164,164,0.173440706,10,29.4444444,26.6666667,1,2.05,2.25,23.45957568
165,165,0.023125428,12.7777778,29.4444444,26.6666667,1,2.05,2.25,23.40842217
166,166,0.057813569,12.7777778,29.4444444,26.6666667,1,2.05,2.25,23.57988427
167,167,0.173440706,12.7777778,29.4444444,26.6666667,1,2.05,2.25,23.86611808
168,168,0.023125428,15.5555556,29.4444444,26.6666667,1,2.05,2.25,23.95607447
169,169,0.057813569,15.5555556,29.4444444,26.6666667,1,2.05,2.25,23.96609352
170,170,0.173440706,15.5555556,29.4444444,26.6666667,1,2.05,2.25,24.21801562
171,171,0.023125428,10,32.2222222,26.6666667,1,2.05,2.25,24.667499
172,172,0.057813569,10,32.2222222,26.6666667,1,2.05,2.25,24.13449095
173,173,0.173440706,10,32.2222222,26.6666667,1,2.05,2.25,24.24854864
174,174,0.023125428,12.7777778,32.2222222,26.6666667,1,2.05,2.25,24.56693536
175,175,0.057813569,12.7777778,32.2222222,26.6666667,1,2.05,2.25,24.65790328
176,176,0.173440706,12.7777778,32.2222222,26.6666667,1,2.05,2.25,24.73294235
177,177,0.023125428,15.5555556,32.2222222,26.6666667,1,2.05,2.25,24.79088744
178,178,0.057813569,15.5555556,32.2222222,26.6666667,1,2.05,2.25,25.05488343
179,179,0.173440706,15.5555556,32.2222222,26.6666667,1,2.05,2.25,25.62015201
180,180,0.0231,10,23.89,26.67,1,2.05,4.75,27.5546407
181,181,0.0231,10,23.89,30.56,1,2.05,4.75,27.6832885
182,182,0.0231,10,23.89,33.61,1,2.05,4.75,27.80328284
183,183,0.0231,10,23.89,36.39,1,2.05,4.75,27.9160767
184,184,0.0231,10,26.67,30.56,1,2.05,4.75,27.8408235
185,185,0.0231,10,26.67,33.61,1,2.05,4.75,27.96090365
186,186,0.0231,10,26.67,36.39,1,2.05,4.75,28.08530451
187,187,0.0231,10,29.44,30.56,1,2.05,4.75,28.00557553
188,188,0.0231,10,29.44,33.61,1,2.05,4.75,28.13610278
189,189,0.0231,10,29.44,36.39,1,2.05,4.75,28.24843008
190,190,0.0231,10,32.22,33.61,1,2.05,4.75,28.30907778
191,191,0.0231,10,32.22,36.39,1,2.05,4.75,28.42782472
192,192,0.0231,12.78,23.89,26.67,1,2.05,4.75,27.55557892
193,193,0.0231,12.78,23.89,30.56,1,2.05,4.75,27.69988118
194,194,0.0231,12.78,23.89,33.61,1,2.05,4.75,27.81325641
195,195,0.0231,12.78,23.89,36.39,1,2.05,4.75,27.92932627
196,196,0.0231,12.78,26.67,30.56,1,2.05,4.75,27.85676193
197,197,0.0231,12.78,26.67,33.61,1,2.05,4.75,27.98205803
198,198,0.0231,12.78,26.67,36.39,1,2.05,4.75,28.09625056
199,199,0.0231,12.78,29.44,30.56,1,2.05,4.75,28.01775566
200,200,0.0231,12.78,29.44,33.61,1,2.05,4.75,28.14841395
201,201,0.0231,12.78,29.44,36.39,1,2.05,4.75,28.2643899
202,202,0.0231,12.78,32.22,33.61,1,2.05,4.75,28.32497469
203,203,0.0231,12.78,32.22,36.39,1,2.05,4.75,28.44040834
204,204,0.0231,15.56,23.89,26.67,1,2.05,4.75,27.55613034
205,205,0.0231,15.56,23.89,30.56,1,2.05,4.75,27.71263481
206,206,0.0231,15.56,23.89,33.61,1,2.05,4.75,27.82666458
207,207,0.0231,15.56,23.89,36.39,1,2.05,4.75,27.94305223
208,208,0.0231,15.56,26.67,30.56,1,2.05,4.75,27.87025296
209,209,0.0231,15.56,26.67,33.61,1,2.05,4.75,27.98852964
210,210,0.0231,15.56,26.67,36.39,1,2.05,4.75,28.10937371
211,211,0.0231,15.56,29.44,30.56,1,2.05,4.75,28.03127603
212,212,0.0231,15.56,29.44,33.61,1,2.05,4.75,28.15450528
213,213,0.0231,15.56,29.44,36.39,1,2.05,4.75,28.27663816
214,214,0.0231,15.56,32.22,33.61,1,2.05,4.75,28.33415941
215,215,0.0231,15.56,32.22,36.39,1,2.05,4.75,28.45084307
216,216,0.0578,10,23.89,26.67,1,2.05,4.75,27.48480597
217,217,0.0578,10,23.89,30.56,1,2.05,4.75,27.61146173
218,218,0.0578,10,23.89,33.61,1,2.05,4.75,27.72859462
219,219,0.0578,10,23.89,36.39,1,2.05,4.75,27.81804177
220,220,0.0578,10,26.67,30.56,1,2.05,4.75,27.77159246
221,221,0.0578,10,26.67,33.61,1,2.05,4.75,27.87423966
222,222,0.0578,10,26.67,36.39,1,2.05,4.75,27.98144311
223,223,0.0578,10,29.44,30.56,1,2.05,4.75,27.92090301
224,224,0.0578,10,29.44,33.61,1,2.05,4.75,28.0358825
225,225,0.0578,10,29.44,36.39,1,2.05,4.75,28.14142011
226,226,0.0578,10,32.22,33.61,1,2.05,4.75,28.20503786
227,227,0.0578,10,32.22,36.39,1,2.05,4.75,28.31067723
228,228,0.0578,12.78,23.89,26.67,1,2.05,4.75,27.50872228
229,229,0.0578,12.78,23.89,30.56,1,2.05,4.75,27.63220933
230,230,0.0578,12.78,23.89,33.61,1,2.05,4.75,27.73776802
231,231,0.0578,12.78,23.89,36.39,1,2.05,4.75,27.84066533
232,232,0.0578,12.78,26.67,30.56,1,2.05,4.75,27.78487083
233,233,0.0578,12.78,26.67,33.61,1,2.05,4.75,27.89902106
234,234,0.0578,12.78,26.67,36.39,1,2.05,4.75,28.00146242
235,235,0.0578,12.78,29.44,30.56,1,2.05,4.75,27.94978034
236,236,0.0578,12.78,29.44,33.61,1,2.05,4.75,28.060875
237,237,0.0578,12.78,29.44,36.39,1,2.05,4.75,28.16615967
238,238,0.0578,12.78,32.22,33.61,1,2.05,4.75,28.22646351
239,239,0.0578,12.78,32.22,36.39,1,2.05,4.75,28.34309368
240,240,0.0578,15.56,23.89,26.67,1,2.05,4.75,27.5303686
241,241,0.0578,15.56,23.89,30.56,1,2.05,4.75,27.65908484
242,242,0.0578,15.56,23.89,33.61,1,2.05,4.75,27.76503496
243,243,0.0578,15.56,23.89,36.39,1,2.05,4.75,27.87658187
244,244,0.0578,15.56,26.67,30.56,1,2.05,4.75,27.81231563
245,245,0.0578,15.56,26.67,33.61,1,2.05,4.75,27.93147306
246,246,0.0578,15.56,26.67,36.39,1,2.05,4.75,28.03142034
247,247,0.0578,15.56,29.44,30.56,1,2.05,4.75,27.97766946
248,248,0.0578,15.56,29.44,33.61,1,2.05,4.75,28.08557148
249,249,0.0578,15.56,29.44,36.39,1,2.05,4.75,28.19657084
250,250,0.0578,15.56,32.22,33.61,1,2.05,4.75,28.25728518
251,251,0.0578,15.56,32.22,36.39,1,2.05,4.75,28.36911999
252,252,0.1734,10,23.89,26.67,1,2.05,4.75,27.3528506
253,253,0.1734,10,23.89,30.56,1,2.05,4.75,27.4861768
254,254,0.1734,10,23.89,33.61,1,2.05,4.75,27.60119269
255,255,0.1734,10,23.89,36.39,1,2.05,4.75,27.70640083
256,256,0.1734,10,26.67,30.56,1,2.05,4.75,27.64134935
257,257,0.1734,10,26.67,33.61,1,2.05,4.75,27.73781887
258,258,0.1734,10,26.67,36.39,1,2.05,4.75,27.84601952
259,259,0.1734,10,29.44,30.56,1,2.05,4.75,27.78631406
260,260,0.1734,10,29.44,33.61,1,2.05,4.75,27.89224426
261,261,0.1734,10,29.44,36.39,1,2.05,4.75,28.00929961
262,262,0.1734,10,32.22,33.61,1,2.05,4.75,28.05304273
263,263,0.1734,10,32.22,36.39,1,2.05,4.75,28.17209655
264,264,0.1734,12.78,23.89,26.67,1,2.05,4.75,27.37553616
265,265,0.1734,12.78,23.89,30.56,1,2.05,4.75,27.50599605
266,266,0.1734,12.78,23.89,33.61,1,2.05,4.75,27.65069267
267,267,0.1734,12.78,23.89,36.39,1,2.05,4.75,27.74604392
268,268,0.1734,12.78,26.67,30.56,1,2.05,4.75,27.68803825
269,269,0.1734,12.78,26.67,33.61,1,2.05,4.75,27.79463924
270,270,0.1734,12.78,26.67,36.39,1,2.05,4.75,27.91415683
271,271,0.1734,12.78,29.44,30.56,1,2.05,4.75,27.83462385
272,272,0.1734,12.78,29.44,33.61,1,2.05,4.75,27.96575278
273,273,0.1734,12.78,29.44,36.39,1,2.05,4.75,28.05719429
274,274,0.1734,12.78,32.22,33.61,1,2.05,4.75,28.12500926
275,275,0.1734,12.78,32.22,36.39,1,2.05,4.75,28.21423476
276,276,0.1734,15.56,23.89,26.67,1,2.05,4.75,27.41148103
277,277,0.1734,15.56,23.89,30.56,1,2.05,4.75,27.5614282
278,278,0.1734,15.56,23.89,33.61,1,2.05,4.75,27.66873824
279,279,0.1734,15.56,23.89,36.39,1,2.05,4.75,27.76718259
280,280,0.1734,15.56,26.67,30.56,1,2.05,4.75,27.71543868
281,281,0.1734,15.56,26.67,33.61,1,2.05,4.75,27.85183262
282,282,0.1734,15.56,26.67,36.39,1,2.05,4.75,27.94362219
283,283,0.1734,15.56,29.44,30.56,1,2.05,4.75,27.88962187
284,284,0.1734,15.56,29.44,33.61,1,2.05,4.75,28.00156899
285,285,0.1734,15.56,29.44,36.39,1,2.05,4.75,28.10121743
286,286,0.1734,15.56,32.22,33.61,1,2.05,4.75,28.1752537
287,287,0.1734,15.56,32.22,36.39,1,2.05,4.75,28.27380316
288,288,0.0231,26.67,4.44,-1.11,1,2.05,4.75,25.4844381
289,289,0.0231,26.67,7.22,-1.11,1,2.05,4.75,25.62998301
290,290,0.0231,26.67,7.22,4.44,1,2.05,4.75,25.81704562
291,291,0.0231,26.67,10,-1.11,1,2.05,4.75,25.78038333
292,292,0.0231,26.67,10,4.44,1,2.05,4.75,25.96560298
293,293,0.0231,26.67,12.78,-1.11,1,2.05,4.75,25.93643405
294,294,0.0231,26.67,12.78,4.44,1,2.05,4.75,26.11905158
295,295,0.0231,26.67,12.78,10,1,2.05,4.75,26.31165601
296,296,0.0231,29.44,4.44,-1.11,1,2.05,4.75,25.49231943
297,297,0.0231,29.44,7.22,-1.11,1,2.05,4.75,25.63716916
298,298,0.0231,29.44,7.22,4.44,1,2.05,4.75,25.82411103
299,299,0.0231,29.44,10,-1.11,1,2.05,4.75,25.78785516
300,300,0.0231,29.44,10,4.44,1,2.05,4.75,25.97308688
301,301,0.0231,29.44,12.78,-1.11,1,2.05,4.75,25.94319243
302,302,0.0231,29.44,12.78,4.44,1,2.05,4.75,26.12638883
303,303,0.0231,29.44,12.78,10,1,2.05,4.75,26.31833398
304,304,0.0231,35,4.44,-1.11,1,2.05,4.75,25.50433766
305,305,0.0231,35,7.22,-1.11,1,2.05,4.75,25.65335115
306,306,0.0231,35,7.22,4.44,1,2.05,4.75,25.8364201
307,307,0.0231,35,10,-1.11,1,2.05,4.75,25.80170509
308,308,0.0231,35,10,4.44,1,2.05,4.75,25.98616499
309,309,0.0231,35,12.78,-1.11,1,2.05,4.75,25.95634002
310,310,0.0231,35,12.78,4.44,1,2.05,4.75,26.13894333
311,311,0.0231,35,12.78,10,1,2.05,4.75,26.33138608
312,312,0.0578,26.67,4.44,-1.11,1,2.05,4.75,25.53482021
313,313,0.0578,26.67,7.22,-1.11,1,2.05,4.75,25.68626636
314,314,0.0578,26.67,7.22,4.44,1,2.05,4.75,25.86515446
315,315,0.0578,26.67,10,-1.11,1,2.05,4.75,25.83622617
316,316,0.0578,26.67,10,4.44,1,2.05,4.75,26.01507747
317,317,0.0578,26.67,12.78,-1.11,1,2.05,4.75,25.98804732
318,318,0.0578,26.67,12.78,4.44,1,2.05,4.75,26.16527288
319,319,0.0578,26.67,12.78,10,1,2.05,4.75,26.3546838
320,320,0.0578,29.44,4.44,-1.11,1,2.05,4.75,25.5512199
321,321,0.0578,29.44,7.22,-1.11,1,2.05,4.75,25.69753049
322,322,0.0578,29.44,7.22,4.44,1,2.05,4.75,25.87882615
323,323,0.0578,29.44,10,-1.11,1,2.05,4.75,25.84935322
324,324,0.0578,29.44,10,4.44,1,2.05,4.75,26.02804217
325,325,0.0578,29.44,12.78,-1.11,1,2.05,4.75,26.00217106
326,326,0.0578,29.44,12.78,4.44,1,2.05,4.75,26.18087996
327,327,0.0578,29.44,12.78,10,1,2.05,4.75,26.36846289
328,328,0.0578,35,4.44,-1.11,1,2.05,4.75,25.58447361
329,329,0.0578,35,7.22,-1.11,1,2.05,4.75,25.72992202
330,330,0.0578,35,7.22,4.44,1,2.05,4.75,25.90937215
331,331,0.0578,35,10,-1.11,1,2.05,4.75,25.87883517
332,332,0.0578,35,10,4.44,1,2.05,4.75,26.05791607
333,333,0.0578,35,12.78,-1.11,1,2.05,4.75,26.030466
334,334,0.0578,35,12.78,4.44,1,2.05,4.75,26.20975706
335,335,0.0578,35,12.78,10,1,2.05,4.75,26.39871773
336,336,0.1734,26.67,4.44,-1.11,1,2.05,4.75,25.55355629
337,337,0.1734,26.67,7.22,-1.11,1,2.05,4.75,25.6757103
338,338,0.1734,26.67,7.22,4.44,1,2.05,4.75,25.86095828
339,339,0.1734,26.67,10,-1.11,1,2.05,4.75,25.83946064
340,340,0.1734,26.67,10,4.44,1,2.05,4.75,26.00686903
341,341,0.1734,26.67,12.78,-1.11,1,2.05,4.75,25.99279507
342,342,0.1734,26.67,12.78,4.44,1,2.05,4.75,26.15614868
343,343,0.1734,26.67,12.78,10,1,2.05,4.75,26.35051279
344,344,0.1734,29.44,4.44,-1.11,1,2.05,4.75,25.62079387
345,345,0.1734,29.44,7.22,-1.11,1,2.05,4.75,25.74492077
346,346,0.1734,29.44,7.22,4.44,1,2.05,4.75,25.92612065
347,347,0.1734,29.44,10,-1.11,1,2.05,4.75,25.85882793
348,348,0.1734,29.44,10,4.44,1,2.05,4.75,26.0544951
349,349,0.1734,29.44,12.78,-1.11,1,2.05,4.75,26.0434934
350,350,0.1734,29.44,12.78,4.44,1,2.05,4.75,26.22134376
351,351,0.1734,29.44,12.78,10,1,2.05,4.75,26.39228268
352,352,0.1734,35,4.44,-1.11,1,2.05,4.75,25.68475681
353,353,0.1734,35,7.22,-1.11,1,2.05,4.75,25.81653421
354,354,0.1734,35,7.22,4.44,1,2.05,4.75,25.97605509
355,355,0.1734,35,10,-1.11,1,2.05,4.75,25.96441716
356,356,0.1734,35,10,4.44,1,2.05,4.75,26.13284126
357,357,0.1734,35,12.78,-1.11,1,2.05,4.75,26.11915388
358,358,0.1734,35,12.78,4.44,1,2.05,4.75,26.28536364
359,359,0.1734,35,12.78,10,1,2.05,4.75,26.45687924
360,360,0.0231,10,23.89,26.67,2,2.05,2.25,27.36353457
361,360,0.0231,10,23.89,26.67,2,2.05,4.75,27.54225989
362,361,0.0231,10,23.89,30.56,2,2.05,2.25,27.72102119
363,361,0.0231,10,23.89,30.56,2,2.05,4.75,27.69462484
364,362,0.0231,10,23.89,33.61,2,2.05,2.25,28.0262028
365,362,0.0231,10,23.89,33.61,2,2.05,4.75,27.80866437
366,363,0.0231,10,23.89,36.39,2,2.05,2.25,28.29561645
367,363,0.0231,10,23.89,36.39,2,2.05,4.75,27.92715802
368,364,0.0231,10,26.67,30.56,2,2.05,2.25,28.06469239
369,364,0.0231,10,26.67,30.56,2,2.05,4.75,27.8532614
370,365,0.0231,10,26.67,33.61,2,2.05,2.25,28.36537111
371,365,0.0231,10,26.67,33.61,2,2.05,4.75,27.97384198
372,366,0.0231,10,26.67,36.39,2,2.05,2.25,28.63881902
373,366,0.0231,10,26.67,36.39,2,2.05,4.75,28.09140122
374,367,0.0231,10,29.44,30.56,2,2.05,2.25,28.42627845
375,367,0.0231,10,29.44,30.56,2,2.05,4.75,28.01906012
376,368,0.0231,10,29.44,33.61,2,2.05,2.25,28.71097352
377,368,0.0231,10,29.44,33.61,2,2.05,4.75,28.14031878
378,369,0.0231,10,29.44,36.39,2,2.05,2.25,28.98545248
379,369,0.0231,10,29.44,36.39,2,2.05,4.75,28.25649127
380,370,0.0231,10,32.22,33.61,2,2.05,2.25,29.07294698
381,370,0.0231,10,32.22,33.61,2,2.05,4.75,28.31959733
382,371,0.0231,10,32.22,36.39,2,2.05,2.25,29.33984235
383,371,0.0231,10,32.22,36.39,2,2.05,4.75,28.42534277
384,372,0.0231,12.78,23.89,26.67,2,2.05,2.25,27.37015029
385,372,0.0231,12.78,23.89,26.67,2,2.05,4.75,27.55724501
386,373,0.0231,12.78,23.89,30.56,2,2.05,2.25,27.74439535
387,373,0.0231,12.78,23.89,30.56,2,2.05,4.75,27.70224805
388,374,0.0231,12.78,23.89,33.61,2,2.05,2.25,28.03524478
389,374,0.0231,12.78,23.89,33.61,2,2.05,4.75,27.82093286
390,375,0.0231,12.78,23.89,36.39,2,2.05,2.25,28.30955929
391,375,0.0231,12.78,23.89,36.39,2,2.05,4.75,27.93310954
392,376,0.0231,12.78,26.67,30.56,2,2.05,2.25,28.08083094
393,376,0.0231,12.78,26.67,30.56,2,2.05,4.75,27.86727022
394,377,0.0231,12.78,26.67,33.61,2,2.05,2.25,28.37409721
395,377,0.0231,12.78,26.67,33.61,2,2.05,4.75,27.98620776
396,378,0.0231,12.78,26.67,36.39,2,2.05,2.25,28.64161888
397,378,0.0231,12.78,26.67,36.39,2,2.05,4.75,28.10127318
398,379,0.0231,12.78,29.44,30.56,2,2.05,2.25,28.43253843
399,379,0.0231,12.78,29.44,30.56,2,2.05,4.75,28.02999431
400,380,0.0231,12.78,29.44,33.61,2,2.05,2.25,28.72562757
401,380,0.0231,12.78,29.44,33.61,2,2.05,4.75,28.15256862
402,381,0.0231,12.78,29.44,36.39,2,2.05,2.25,29.00060317
403,381,0.0231,12.78,29.44,36.39,2,2.05,4.75,28.27277041
404,382,0.0231,12.78,32.22,33.61,2,2.05,2.25,29.086224
405,382,0.0231,12.78,32.22,33.61,2,2.05,4.75,28.33102546
406,383,0.0231,12.78,32.22,36.39,2,2.05,2.25,29.35634975
407,383,0.0231,12.78,32.22,36.39,2,2.05,4.75,28.44211196
408,384,0.0231,15.56,23.89,26.67,2,2.05,2.25,27.38389421
409,384,0.0231,15.56,23.89,26.67,2,2.05,4.75,27.5773995
410,385,0.0231,15.56,23.89,30.56,2,2.05,2.25,27.7531148
411,385,0.0231,15.56,23.89,30.56,2,2.05,4.75,27.71748242
412,386,0.0231,15.56,23.89,33.61,2,2.05,2.25,28.04695761
413,386,0.0231,15.56,23.89,33.61,2,2.05,4.75,27.83214529
414,387,0.0231,15.56,23.89,36.39,2,2.05,2.25,28.3223153
415,387,0.0231,15.56,23.89,36.39,2,2.05,4.75,27.95109566
416,388,0.0231,15.56,26.67,30.56,2,2.05,2.25,28.09875485
417,388,0.0231,15.56,26.67,30.56,2,2.05,4.75,27.8778774
418,389,0.0231,15.56,26.67,33.61,2,2.05,2.25,28.38345834
419,389,0.0231,15.56,26.67,33.61,2,2.05,4.75,27.99708663
420,390,0.0231,15.56,26.67,36.39,2,2.05,2.25,28.65491272
421,390,0.0231,15.56,26.67,36.39,2,2.05,4.75,28.11064091
422,391,0.0231,15.56,29.44,30.56,2,2.05,2.25,28.4412651
423,391,0.0231,15.56,29.44,30.56,2,2.05,4.75,28.04127832
424,392,0.0231,15.56,29.44,33.61,2,2.05,2.25,28.73215775
425,392,0.0231,15.56,29.44,33.61,2,2.05,4.75,28.16496579
426,393,0.0231,15.56,29.44,36.39,2,2.05,2.25,29.0042997
427,393,0.0231,15.56,29.44,36.39,2,2.05,4.75,28.28184994
428,394,0.0231,15.56,32.22,33.61,2,2.05,2.25,29.09441321
429,394,0.0231,15.56,32.22,33.61,2,2.05,4.75,28.33781949
430,395,0.0231,15.56,32.22,36.39,2,2.05,2.25,29.36468194
431,395,0.0231,15.56,32.22,36.39,2,2.05,4.75,28.45855291
432,396,0.0578,10,23.89,26.67,2,2.05,2.25,27.27342735
433,396,0.0578,10,23.89,26.67,2,2.05,4.75,27.475703
434,397,0.0578,10,23.89,30.56,2,2.05,2.25,27.66744622
435,397,0.0578,10,23.89,30.56,2,2.05,4.75,27.62325298
436,398,0.0578,10,23.89,33.61,2,2.05,2.25,27.96364005
437,398,0.0578,10,23.89,33.61,2,2.05,4.75,27.72671707
438,399,0.0578,10,23.89,36.39,2,2.05,2.25,28.24175418
439,399,0.0578,10,23.89,36.39,2,2.05,4.75,27.82782408
440,400,0.0578,10,26.67,30.56,2,2.05,2.25,28.02776243
441,400,0.0578,10,26.67,30.56,2,2.05,4.75,27.77043013
442,401,0.0578,10,26.67,33.61,2,2.05,2.25,28.30561871
443,401,0.0578,10,26.67,33.61,2,2.05,4.75,27.89391763
444,402,0.0578,10,26.67,36.39,2,2.05,2.25,28.56900275
445,402,0.0578,10,26.67,36.39,2,2.05,4.75,27.9964661
446,403,0.0578,10,29.44,30.56,2,2.05,2.25,28.34905141
447,403,0.0578,10,29.44,30.56,2,2.05,4.75,27.92581161
448,404,0.0578,10,29.44,33.61,2,2.05,2.25,28.64029794
449,404,0.0578,10,29.44,33.61,2,2.05,4.75,28.04588978
450,405,0.0578,10,29.44,36.39,2,2.05,2.25,28.92335459
451,405,0.0578,10,29.44,36.39,2,2.05,4.75,28.15448887
452,406,0.0578,10,32.22,33.61,2,2.05,2.25,29.000498
453,406,0.0578,10,32.22,33.61,2,2.05,4.75,28.20881991
454,407,0.0578,10,32.22,36.39,2,2.05,2.25,29.26639362
455,407,0.0578,10,32.22,36.39,2,2.05,4.75,28.32035741
456,408,0.0578,12.78,23.89,26.67,2,2.05,2.25,27.32992544
457,408,0.0578,12.78,23.89,26.67,2,2.05,4.75,27.49452793
458,409,0.0578,12.78,23.89,30.56,2,2.05,2.25,27.67588421
459,409,0.0578,12.78,23.89,30.56,2,2.05,4.75,27.64014209
460,410,0.0578,12.78,23.89,33.61,2,2.05,2.25,27.99165767
461,410,0.0578,12.78,23.89,33.61,2,2.05,4.75,27.74038309
462,411,0.0578,12.78,23.89,36.39,2,2.05,2.25,28.25645533
463,411,0.0578,12.78,23.89,36.39,2,2.05,4.75,27.84916774
464,412,0.0578,12.78,26.67,30.56,2,2.05,2.25,28.02297977
465,412,0.0578,12.78,26.67,30.56,2,2.05,4.75,27.78967169
466,413,0.0578,12.78,26.67,33.61,2,2.05,2.25,28.30927968
467,413,0.0578,12.78,26.67,33.61,2,2.05,4.75,27.89551285
468,414,0.0578,12.78,26.67,36.39,2,2.05,2.25,28.60193736
469,414,0.0578,12.78,26.67,36.39,2,2.05,4.75,28.00977686
470,415,0.0578,12.78,29.44,30.56,2,2.05,2.25,28.35755277
471,415,0.0578,12.78,29.44,30.56,2,2.05,4.75,27.94657257
472,416,0.0578,12.78,29.44,33.61,2,2.05,2.25,28.65327365
473,416,0.0578,12.78,29.44,33.61,2,2.05,4.75,28.06624232
474,417,0.0578,12.78,29.44,36.39,2,2.05,2.25,28.94085938
475,417,0.0578,12.78,29.44,36.39,2,2.05,4.75,28.17496037
476,418,0.0578,12.78,32.22,33.61,2,2.05,2.25,29.01500795
477,418,0.0578,12.78,32.22,33.61,2,2.05,4.75,28.23519858
478,419,0.0578,12.78,32.22,36.39,2,2.05,2.25,29.27688847
479,419,0.0578,12.78,32.22,36.39,2,2.05,4.75,28.34823015
480,420,0.0578,15.56,23.89,26.67,2,2.05,2.25,27.33936227
481,420,0.0578,15.56,23.89,26.67,2,2.05,4.75,27.53315377
482,421,0.0578,15.56,23.89,30.56,2,2.05,2.25,27.69350552
483,421,0.0578,15.56,23.89,30.56,2,2.05,4.75,27.66582508
484,422,0.0578,15.56,23.89,33.61,2,2.05,2.25,28.00324535
485,422,0.0578,15.56,23.89,33.61,2,2.05,4.75,27.76567061
486,423,0.0578,15.56,23.89,36.39,2,2.05,2.25,28.27165558
487,423,0.0578,15.56,23.89,36.39,2,2.05,4.75,27.88387773
488,424,0.0578,15.56,26.67,30.56,2,2.05,2.25,28.05015681
489,424,0.0578,15.56,26.67,30.56,2,2.05,4.75,27.81421709
490,425,0.0578,15.56,26.67,33.61,2,2.05,2.25,28.35119873
491,425,0.0578,15.56,26.67,33.61,2,2.05,4.75,27.92806079
492,426,0.0578,15.56,26.67,36.39,2,2.05,2.25,28.60978765
493,426,0.0578,15.56,26.67,36.39,2,2.05,4.75,28.03906224
494,427,0.0578,15.56,29.44,30.56,2,2.05,2.25,28.38469042
495,427,0.0578,15.56,29.44,30.56,2,2.05,4.75,27.97349975
496,428,0.0578,15.56,29.44,33.61,2,2.05,2.25,28.68381433
497,428,0.0578,15.56,29.44,33.61,2,2.05,4.75,28.09125716
498,429,0.0578,15.56,29.44,36.39,2,2.05,2.25,28.96075412
499,429,0.0578,15.56,29.44,36.39,2,2.05,4.75,28.20555221
500,430,0.0578,15.56,32.22,33.61,2,2.05,2.25,29.02929478
501,430,0.0578,15.56,32.22,33.61,2,2.05,4.75,28.2680333
502,431,0.0578,15.56,32.22,36.39,2,2.05,2.25,29.30524908
503,431,0.0578,15.56,32.22,36.39,2,2.05,4.75,28.37476464
504,432,0.1734,10,23.89,26.67,2,2.05,2.25,27.1346311
505,432,0.1734,10,23.89,26.67,2,2.05,4.75,27.34466171
506,433,0.1734,10,23.89,30.56,2,2.05,2.25,27.49839065
507,433,0.1734,10,23.89,30.56,2,2.05,4.75,27.49048748
508,434,0.1734,10,23.89,33.61,2,2.05,2.25,27.80464951
509,434,0.1734,10,23.89,33.61,2,2.05,4.75,27.61692204
510,435,0.1734,10,23.89,36.39,2,2.05,2.25,28.10370412
511,435,0.1734,10,23.89,36.39,2,2.05,4.75,27.7037594
512,436,0.1734,10,26.67,30.56,2,2.05,2.25,27.84894236
513,436,0.1734,10,26.67,30.56,2,2.05,4.75,27.64204883
514,437,0.1734,10,26.67,33.61,2,2.05,2.25,28.14365302
515,437,0.1734,10,26.67,33.61,2,2.05,4.75,27.77855365
516,438,0.1734,10,26.67,36.39,2,2.05,2.25,28.40469961
517,438,0.1734,10,26.67,36.39,2,2.05,4.75,27.86310127
518,439,0.1734,10,29.44,30.56,2,2.05,2.25,28.18598129
519,439,0.1734,10,29.44,30.56,2,2.05,4.75,27.81512216
520,440,0.1734,10,29.44,33.61,2,2.05,2.25,28.49562399
521,440,0.1734,10,29.44,33.61,2,2.05,4.75,27.91086467
522,441,0.1734,10,29.44,36.39,2,2.05,2.25,28.7575007
523,441,0.1734,10,29.44,36.39,2,2.05,4.75,27.98557547
524,442,0.1734,10,32.22,33.61,2,2.05,2.25,28.83614963
525,442,0.1734,10,32.22,33.61,2,2.05,4.75,28.06155066
526,443,0.1734,10,32.22,36.39,2,2.05,2.25,29.12743615
527,443,0.1734,10,32.22,36.39,2,2.05,4.75,28.1563866
528,444,0.1734,12.78,23.89,26.67,2,2.05,2.25,27.19066888
529,444,0.1734,12.78,23.89,26.67,2,2.05,4.75,27.37937322
530,445,0.1734,12.78,23.89,30.56,2,2.05,2.25,27.55486174
531,445,0.1734,12.78,23.89,30.56,2,2.05,4.75,27.51546693
532,446,0.1734,12.78,23.89,33.61,2,2.05,2.25,27.85062447
533,446,0.1734,12.78,23.89,33.61,2,2.05,4.75,27.65678272
534,447,0.1734,12.78,23.89,36.39,2,2.05,2.25,28.12949133
535,447,0.1734,12.78,23.89,36.39,2,2.05,4.75,27.75514208
536,448,0.1734,12.78,26.67,30.56,2,2.05,2.25,27.88694063
537,448,0.1734,12.78,26.67,30.56,2,2.05,4.75,27.69162104
538,449,0.1734,12.78,26.67,33.61,2,2.05,2.25,28.18839459
539,449,0.1734,12.78,26.67,33.61,2,2.05,4.75,27.7952355
540,450,0.1734,12.78,26.67,36.39,2,2.05,2.25,28.45258153
541,450,0.1734,12.78,26.67,36.39,2,2.05,4.75,27.89437119
542,451,0.1734,12.78,29.44,30.56,2,2.05,2.25,28.2520142
543,451,0.1734,12.78,29.44,30.56,2,2.05,4.75,27.8480492
544,452,0.1734,12.78,29.44,33.61,2,2.05,2.25,28.51562228
545,452,0.1734,12.78,29.44,33.61,2,2.05,4.75,27.9747834
546,453,0.1734,12.78,29.44,36.39,2,2.05,2.25,28.80375074
547,453,0.1734,12.78,29.44,36.39,2,2.05,4.75,28.03692411
548,454,0.1734,12.78,32.22,33.61,2,2.05,2.25,28.88208901
549,454,0.1734,12.78,32.22,33.61,2,2.05,4.75,28.1262707
550,455,0.1734,12.78,32.22,36.39,2,2.05,2.25,29.17738297
551,455,0.1734,12.78,32.22,36.39,2,2.05,4.75,28.20533673
552,456,0.1734,15.56,23.89,26.67,2,2.05,2.25,27.23009249
553,456,0.1734,15.56,23.89,26.67,2,2.05,4.75,27.41897793
554,457,0.1734,15.56,23.89,30.56,2,2.05,2.25,27.60495925
555,457,0.1734,15.56,23.89,30.56,2,2.05,4.75,27.56168377
556,458,0.1734,15.56,23.89,33.61,2,2.05,2.25,27.89498977
557,458,0.1734,15.56,23.89,33.61,2,2.05,4.75,27.67808911
558,459,0.1734,15.56,23.89,36.39,2,2.05,2.25,28.16304148
559,459,0.1734,15.56,23.89,36.39,2,2.05,4.75,27.81748728
560,460,0.1734,15.56,26.67,30.56,2,2.05,2.25,27.94197676
561,460,0.1734,15.56,26.67,30.56,2,2.05,4.75,27.7379767
562,461,0.1734,15.56,26.67,33.61,2,2.05,2.25,28.22671515
563,461,0.1734,15.56,26.67,33.61,2,2.05,4.75,27.85824677
564,462,0.1734,15.56,26.67,36.39,2,2.05,2.25,28.49167367
565,462,0.1734,15.56,26.67,36.39,2,2.05,4.75,27.95725469
566,463,0.1734,15.56,29.44,30.56,2,2.05,2.25,28.27962843
567,463,0.1734,15.56,29.44,30.56,2,2.05,4.75,27.88675891
568,464,0.1734,15.56,29.44,33.61,2,2.05,2.25,28.55856264
569,464,0.1734,15.56,29.44,33.61,2,2.05,4.75,27.9989133
570,465,0.1734,15.56,29.44,36.39,2,2.05,2.25,28.82186297
571,465,0.1734,15.56,29.44,36.39,2,2.05,4.75,28.09400405
572,466,0.1734,15.56,32.22,33.61,2,2.05,2.25,28.90542183
573,466,0.1734,15.56,32.22,33.61,2,2.05,4.75,28.15114981
574,467,0.1734,15.56,32.22,36.39,2,2.05,2.25,29.18528833
575,467,0.1734,15.56,32.22,36.39,2,2.05,4.75,28.25344333
576,468,0.0231,26.67,4.44,-1.11,2,2.05,2.25,22.79514454
577,468,0.0231,26.67,4.44,-1.11,2,2.05,4.75,25.49310797
578,469,0.0231,26.67,7.22,-1.11,2,2.05,2.25,23.09810374
579,469,0.0231,26.67,7.22,-1.11,2,2.05,4.75,25.63999653
580,470,0.0231,26.67,7.22,4.44,2,2.05,2.25,23.52966369
581,470,0.0231,26.67,7.22,4.44,2,2.05,4.75,25.82706012
582,471,0.0231,26.67,10,-1.11,2,2.05,2.25,23.40715685
583,471,0.0231,26.67,10,-1.11,2,2.05,4.75,25.79056873
584,472,0.0231,26.67,10,4.44,2,2.05,2.25,23.83870707
585,472,0.0231,26.67,10,4.44,2,2.05,4.75,25.97700652
586,473,0.0231,26.67,12.78,-1.11,2,2.05,2.25,23.72254151
587,473,0.0231,26.67,12.78,-1.11,2,2.05,4.75,25.94635319
588,474,0.0231,26.67,12.78,4.44,2,2.05,2.25,24.15373725
589,474,0.0231,26.67,12.78,4.44,2,2.05,4.75,26.13083497
590,475,0.0231,26.67,12.78,10,2,2.05,2.25,24.60801456
591,475,0.0231,26.67,12.78,10,2,2.05,4.75,26.32412222
592,476,0.0231,29.44,4.44,-1.11,2,2.05,2.25,22.80113937
593,476,0.0231,29.44,4.44,-1.11,2,2.05,4.75,25.50243873
594,477,0.0231,29.44,7.22,-1.11,2,2.05,2.25,23.10450342
595,477,0.0231,29.44,7.22,-1.11,2,2.05,4.75,25.64784792
596,478,0.0231,29.44,7.22,4.44,2,2.05,2.25,23.53568664
597,478,0.0231,29.44,7.22,4.44,2,2.05,4.75,25.83460523
598,479,0.0231,29.44,10,-1.11,2,2.05,2.25,23.41493455
599,479,0.0231,29.44,10,-1.11,2,2.05,4.75,25.79781365
600,480,0.0231,29.44,10,4.44,2,2.05,2.25,23.84540688
601,480,0.0231,29.44,10,4.44,2,2.05,4.75,25.98369851
602,481,0.0231,29.44,12.78,-1.11,2,2.05,2.25,23.7306846
603,481,0.0231,29.44,12.78,-1.11,2,2.05,4.75,25.95299972
604,482,0.0231,29.44,12.78,4.44,2,2.05,2.25,24.16088713
605,482,0.0231,29.44,12.78,4.44,2,2.05,4.75,26.13686401
606,483,0.0231,29.44,12.78,10,2,2.05,2.25,24.61379081
607,483,0.0231,29.44,12.78,10,2,2.05,4.75,26.33115279
608,484,0.0231,35,4.44,-1.11,2,2.05,2.25,22.8149951
609,484,0.0231,35,4.44,-1.11,2,2.05,4.75,25.51734809
610,485,0.0231,35,7.22,-1.11,2,2.05,2.25,23.11758002
611,485,0.0231,35,7.22,-1.11,2,2.05,4.75,25.66242843
612,486,0.0231,35,7.22,4.44,2,2.05,2.25,23.5466266
613,486,0.0231,35,7.22,4.44,2,2.05,4.75,25.84886409
614,487,0.0231,35,10,-1.11,2,2.05,2.25,23.42793941
615,487,0.0231,35,10,-1.11,2,2.05,4.75,25.81214998
616,488,0.0231,35,10,4.44,2,2.05,2.25,23.85688936
617,488,0.0231,35,10,4.44,2,2.05,4.75,25.99767624
618,489,0.0231,35,12.78,-1.11,2,2.05,2.25,23.74692405
619,489,0.0231,35,12.78,-1.11,2,2.05,4.75,25.96819084
620,490,0.0231,35,12.78,4.44,2,2.05,2.25,24.1745391
621,490,0.0231,35,12.78,4.44,2,2.05,4.75,26.150196
622,491,0.0231,35,12.78,10,2,2.05,2.25,24.62590839
623,491,0.0231,35,12.78,10,2,2.05,4.75,26.34445528
624,492,0.0578,26.67,4.44,-1.11,2,2.05,2.25,22.84149921
625,492,0.0578,26.67,4.44,-1.11,2,2.05,4.75,25.55064462
626,493,0.0578,26.67,7.22,-1.11,2,2.05,2.25,23.14476373
627,493,0.0578,26.67,7.22,-1.11,2,2.05,4.75,25.69849257
628,494,0.0578,26.67,7.22,4.44,2,2.05,2.25,23.57607267
629,494,0.0578,26.67,7.22,4.44,2,2.05,4.75,25.87759432
630,495,0.0578,26.67,10,-1.11,2,2.05,2.25,23.45664835
631,495,0.0578,26.67,10,-1.11,2,2.05,4.75,25.84638008
632,496,0.0578,26.67,10,4.44,2,2.05,2.25,23.88687426
633,496,0.0578,26.67,10,4.44,2,2.05,4.75,26.02649396
634,497,0.0578,26.67,12.78,-1.11,2,2.05,2.25,23.77254677
635,497,0.0578,26.67,12.78,-1.11,2,2.05,4.75,25.99787558
636,498,0.0578,26.67,12.78,4.44,2,2.05,2.25,24.19949245
637,498,0.0578,26.67,12.78,4.44,2,2.05,4.75,26.17844457
638,499,0.0578,26.67,12.78,10,2,2.05,2.25,24.64988809
639,499,0.0578,26.67,12.78,10,2,2.05,4.75,26.36811652
640,500,0.0578,29.44,4.44,-1.11,2,2.05,2.25,22.86087002
641,500,0.0578,29.44,4.44,-1.11,2,2.05,4.75,25.56700356
642,501,0.0578,29.44,7.22,-1.11,2,2.05,2.25,23.16125375
643,501,0.0578,29.44,7.22,-1.11,2,2.05,4.75,25.7120151
644,502,0.0578,29.44,7.22,4.44,2,2.05,2.25,23.59260776
645,502,0.0578,29.44,7.22,4.44,2,2.05,4.75,25.89214917
646,503,0.0578,29.44,10,-1.11,2,2.05,2.25,23.47093758
647,503,0.0578,29.44,10,-1.11,2,2.05,4.75,25.86145303
648,504,0.0578,29.44,10,4.44,2,2.05,2.25,23.8981551
649,504,0.0578,29.44,10,4.44,2,2.05,4.75,26.04107311
650,505,0.0578,29.44,12.78,-1.11,2,2.05,2.25,23.78684766
651,505,0.0578,29.44,12.78,-1.11,2,2.05,4.75,26.01416395
652,506,0.0578,29.44,12.78,4.44,2,2.05,2.25,24.21486388
653,506,0.0578,29.44,12.78,4.44,2,2.05,4.75,26.19321001
654,507,0.0578,29.44,12.78,10,2,2.05,2.25,24.66519084
655,507,0.0578,29.44,12.78,10,2,2.05,4.75,26.38172143
656,508,0.0578,35,4.44,-1.11,2,2.05,2.25,22.89347829
657,508,0.0578,35,4.44,-1.11,2,2.05,4.75,25.59632991
658,509,0.0578,35,7.22,-1.11,2,2.05,2.25,23.19253478
659,509,0.0578,35,7.22,-1.11,2,2.05,4.75,25.74138239
660,510,0.0578,35,7.22,4.44,2,2.05,2.25,23.62563456
661,510,0.0578,35,7.22,4.44,2,2.05,4.75,25.91906106
662,511,0.0578,35,10,-1.11,2,2.05,2.25,23.49960608
663,511,0.0578,35,10,-1.11,2,2.05,4.75,25.88887247
664,512,0.0578,35,10,4.44,2,2.05,2.25,23.92989175
665,512,0.0578,35,10,4.44,2,2.05,4.75,26.06667544
666,513,0.0578,35,12.78,-1.11,2,2.05,2.25,23.81628536
667,513,0.0578,35,12.78,-1.11,2,2.05,4.75,26.04088053
668,514,0.0578,35,12.78,4.44,2,2.05,2.25,24.24218923
669,514,0.0578,35,12.78,4.44,2,2.05,4.75,26.21921948
670,515,0.0578,35,12.78,10,2,2.05,2.25,24.69452856
671,515,0.0578,35,12.78,10,2,2.05,4.75,26.40840151
672,516,0.1734,26.67,4.44,-1.11,2,2.05,2.25,22.87057418
673,516,0.1734,26.67,4.44,-1.11,2,2.05,4.75,25.56939549
674,517,0.1734,26.67,7.22,-1.11,2,2.05,2.25,23.15069272
675,517,0.1734,26.67,7.22,-1.11,2,2.05,4.75,25.72140294
676,518,0.1734,26.67,7.22,4.44,2,2.05,2.25,23.54951012
677,518,0.1734,26.67,7.22,4.44,2,2.05,4.75,25.88814882
678,519,0.1734,26.67,10,-1.11,2,2.05,2.25,23.45451069
679,519,0.1734,26.67,10,-1.11,2,2.05,4.75,25.85905231
680,520,0.1734,26.67,10,4.44,2,2.05,2.25,23.85912694
681,520,0.1734,26.67,10,4.44,2,2.05,4.75,26.03245199
682,521,0.1734,26.67,12.78,-1.11,2,2.05,2.25,23.74685821
683,521,0.1734,26.67,12.78,-1.11,2,2.05,4.75,25.99451355
684,522,0.1734,26.67,12.78,4.44,2,2.05,2.25,24.18398595
685,522,0.1734,26.67,12.78,4.44,2,2.05,4.75,26.17238531
686,523,0.1734,26.67,12.78,10,2,2.05,2.25,24.6189718
687,523,0.1734,26.67,12.78,10,2,2.05,4.75,26.35042052
688,524,0.1734,29.44,4.44,-1.11,2,2.05,2.25,22.88865662
689,524,0.1734,29.44,4.44,-1.11,2,2.05,4.75,25.60966393
690,525,0.1734,29.44,7.22,-1.11,2,2.05,2.25,23.18927112
691,525,0.1734,29.44,7.22,-1.11,2,2.05,4.75,25.75371852
692,526,0.1734,29.44,7.22,4.44,2,2.05,2.25,23.61048761
693,526,0.1734,29.44,7.22,4.44,2,2.05,4.75,25.92813716
694,527,0.1734,29.44,10,-1.11,2,2.05,2.25,23.49587281
695,527,0.1734,29.44,10,-1.11,2,2.05,4.75,25.88063029
696,528,0.1734,29.44,10,4.44,2,2.05,2.25,23.90563287
697,528,0.1734,29.44,10,4.44,2,2.05,4.75,26.07193518
698,529,0.1734,29.44,12.78,-1.11,2,2.05,2.25,23.79773089
699,529,0.1734,29.44,12.78,-1.11,2,2.05,4.75,26.03105794
700,530,0.1734,29.44,12.78,4.44,2,2.05,2.25,24.21027336
701,530,0.1734,29.44,12.78,4.44,2,2.05,4.75,26.2036088
702,531,0.1734,29.44,12.78,10,2,2.05,2.25,24.67601007
703,531,0.1734,29.44,12.78,10,2,2.05,4.75,26.39236401
704,532,0.1734,35,4.44,-1.11,2,2.05,2.25,22.97638333
705,532,0.1734,35,4.44,-1.11,2,2.05,4.75,25.71024153
706,533,0.1734,35,7.22,-1.11,2,2.05,2.25,23.26637164
707,533,0.1734,35,7.22,-1.11,2,2.05,4.75,25.84126158
708,534,0.1734,35,7.22,4.44,2,2.05,2.25,23.71900122
709,534,0.1734,35,7.22,4.44,2,2.05,4.75,26.02605808
710,535,0.1734,35,10,-1.11,2,2.05,2.25,23.55485308
711,535,0.1734,35,10,-1.11,2,2.05,4.75,25.97138888
712,536,0.1734,35,10,4.44,2,2.05,2.25,23.97947427
713,536,0.1734,35,10,4.44,2,2.05,4.75,26.13297314
714,537,0.1734,35,12.78,-1.11,2,2.05,2.25,23.87527518
715,537,0.1734,35,12.78,-1.11,2,2.05,4.75,26.10682202
716,538,0.1734,35,12.78,4.44,2,2.05,2.25,24.31051567
717,538,0.1734,35,12.78,4.44,2,2.05,4.75,26.29263296
718,539,0.1734,35,12.78,10,2,2.05,2.25,24.75386037
719,539,0.1734,35,12.78,10,2,2.05,4.75,26.48640616
