index,sim,mass,tem_supply,tem_surf,tem_win,n_occ,x,y,V
0,0,0.023125428,26.6666667,4.4444444,-1.1111111,1,2.05,2.25,0.079308041
1,1,0.057813569,26.6666667,4.4444444,-1.1111111,1,2.05,2.25,0.071792116
2,2,0.173440706,26.6666667,4.4444444,-1.1111111,1,2.05,2.25,0.071021063
3,3,0.023125428,29.4444444,4.4444444,-1.1111111,1,2.05,2.25,0.075473892
4,4,0.057813569,29.4444444,4.4444444,-1.1111111,1,2.05,2.25,0.066388151
5,5,0.173440706,29.4444444,4.4444444,-1.1111111,1,2.05,2.25,0.067940121
6,6,0.023125428,35,4.4444444,-1.1111111,1,2.05,2.25,0.066797175
7,7,0.057813569,35,4.4444444,-1.1111111,1,2.05,2.25,0.07109041
8,8,0.173440706,35,4.4444444,-1.1111111,1,2.05,2.25,0.071622072
9,9,0.023125428,26.6666667,7.2222222,-1.1111111,1,2.05,2.25,0.067214154
10,10,0.057813569,26.6666667,7.2222222,-1.1111111,1,2.05,2.25,0.065524998
11,11,0.173440706,26.6666667,7.2222222,-1.1111111,1,2.05,2.25,0.065581203
12,12,0.023125428,29.4444444,7.2222222,-1.1111111,1,2.05,2.25,0.080668067
13,13,0.057813569,29.4444444,7.2222222,-1.1111111,1,2.05,2.25,0.070545006
14,14,0.173440706,29.4444444,7.2222222,-1.1111111,1,2.05,2.25,0.074120999
15,15,0.023125428,35,7.2222222,-1.1111111,1,2.05,2.25,0.07240009
16,16,0.057813569,35,7.2222222,-1.1111111,1,2.05,2.25,0.061394906
17,17,0.173440706,35,7.2222222,-1.1111111,1,2.05,2.25,0.067560123
18,18,0.023125428,26.6666667,10,-1.1111111,1,2.05,2.25,0.067219914
19,19,0.057813569,26.6666667,10,-1.1111111,1,2.05,2.25,0.068723747
20,20,0.173440706,26.6666667,10,-1.1111111,1,2.05,2.25,0.067032113
21,21,0.023125428,29.4444444,10,-1.1111111,1,2.05,2.25,0.064668557
22,22,0.057813569,29.4444444,10,-1.1111111,1,2.05,2.25,0.068136079
23,23,0.173440706,29.4444444,10,-1.1111111,1,2.05,2.25,0.057684526
24,24,0.023125428,35,10,-1.1111111,1,2.05,2.25,0.077180895
25,25,0.057813569,35,10,-1.1111111,1,2.05,2.25,0.069555506
26,26,0.173440706,35,10,-1.1111111,1,2.05,2.25,0.074802946
27,27,0.023125428,26.6666667,12.7777778,-1.1111111,1,2.05,2.25,0.071686166
28,28,0.057813569,26.6666667,12.7777778,-1.1111111,1,2.05,2.25,0.069675841
29,29,0.173440706,26.6666667,12.7777778,-1.1111111,1,2.05,2.25,0.065954815
30,30,0.023125428,29.4444444,12.7777778,-1.1111111,1,2.05,2.25,0.067434107
31,31,0.057813569,29.4444444,12.7777778,-1.1111111,1,2.05,2.25,0.067628464
32,32,0.173440706,29.4444444,12.7777778,-1.1111111,1,2.05,2.25,0.07070073
33,33,0.023125428,35,12.7777778,-1.1111111,1,2.05,2.25,0.06374566
34,34,0.057813569,35,12.7777778,-1.1111111,1,2.05,2.25,0.059291539
35,35,0.173440706,35,12.7777778,-1.1111111,1,2.05,2.25,0.068123284
36,36,0.023125428,26.6666667,4.4444444,4.4444444,1,2.05,2.25,0.116240668
37,37,0.057813569,26.6666667,4.4444444,4.4444444,1,2.05,2.25,0.111450352
38,38,0.173440706,26.6666667,4.4444444,4.4444444,1,2.05,2.25,0.08773465
39,39,0.023125428,29.4444444,4.4444444,4.4444444,1,2.05,2.25,0.081720567
40,40,0.057813569,29.4444444,4.4444444,4.4444444,1,2.05,2.25,0.088019621
41,41,0.173440706,29.4444444,4.4444444,4.4444444,1,2.05,2.25,0.067888545
42,42,0.023125428,35,4.4444444,4.4444444,1,2.05,2.25,0.072093368
43,43,0.057813569,35,4.4444444,4.4444444,1,2.05,2.25,0.082447784
44,44,0.173440706,35,4.4444444,4.4444444,1,2.05,2.25,0.075379823
45,45,0.023125428,26.6666667,7.2222222,4.4444444,1,2.05,2.25,0.068113628
46,46,0.057813569,26.6666667,7.2222222,4.4444444,1,2.05,2.25,0.086489132
47,47,0.173440706,26.6666667,7.2222222,4.4444444,1,2.05,2.25,0.080955037
48,48,0.023125428,29.4444444,7.2222222,4.4444444,1,2.05,2.25,0.093882969
49,49,0.057813569,29.4444444,7.2222222,4.4444444,1,2.05,2.25,0.087729837
50,50,0.173440706,29.4444444,7.2222222,4.4444444,1,2.05,2.25,0.087640077
51,51,0.023125428,35,7.2222222,4.4444444,1,2.05,2.25,0.08636081
52,52,0.057813569,35,7.2222222,4.4444444,1,2.05,2.25,0.073600971
53,53,0.173440706,35,7.2222222,4.4444444,1,2.05,2.25,0.076663745
54,54,0.023125428,26.6666667,10,4.4444444,1,2.05,2.25,0.069829478
55,55,0.057813569,26.6666667,10,4.4444444,1,2.05,2.25,0.077667795
56,56,0.173440706,26.6666667,10,4.4444444,1,2.05,2.25,0.076602262
57,57,0.023125428,29.4444444,10,4.4444444,1,2.05,2.25,0.080390081
58,58,0.057813569,29.4444444,10,4.4444444,1,2.05,2.25,0.07195836
59,59,0.173440706,29.4444444,10,4.4444444,1,2.05,2.25,0.096818052
60,60,0.023125428,35,10,4.4444444,1,2.05,2.25,0.073333383
61,61,0.057813569,35,10,4.4444444,1,2.05,2.25,0.087240193
62,62,0.173440706,35,10,4.4444444,1,2.05,2.25,0.075935961
63,63,0.023125428,26.6666667,12.7777778,4.4444444,1,2.05,2.25,0.080776776
64,64,0.057813569,26.6666667,12.7777778,4.4444444,1,2.05,2.25,0.091349453
65,65,0.173440706,26.6666667,12.7777778,4.4444444,1,2.05,2.25,0.087477147
66,66,0.023125428,29.4444444,12.7777778,4.4444444,1,2.05,2.25,0.075473331
67,67,0.057813569,29.4444444,12.7777778,4.4444444,1,2.05,2.25,0.074402764
68,68,0.173440706,29.4444444,12.7777778,4.4444444,1,2.05,2.25,0.077064674
69,69,0.023125428,35,12.7777778,4.4444444,1,2.05,2.25,0.074819353
70,70,0.057813569,35,12.7777778,4.4444444,1,2.05,2.25,0.09116804
71,71,0.173440706,35,12.7777778,4.4444444,1,2.05,2.25,0.071112254
72,72,0.023125428,26.6666667,4.4444444,10,1,2.05,2.25,0.228162434
73,73,0.057813569,26.6666667,4.4444444,10,1,2.05,2.25,0.153157584
74,74,0.173440706,26.6666667,4.4444444,10,1,2.05,2.25,0.17268833
75,75,0.023125428,29.4444444,4.4444444,10,1,2.05,2.25,0.153134763
76,76,0.057813569,29.4444444,4.4444444,10,1,2.05,2.25,0.179606295
77,77,0.173440706,29.4444444,4.4444444,10,1,2.05,2.25,0.135437915
78,78,0.023125428,35,4.4444444,10,1,2.05,2.25,0.138773285
79,79,0.057813569,35,4.4444444,10,1,2.05,2.25,0.142488195
80,80,0.173440706,35,4.4444444,10,1,2.05,2.25,0.133484881
81,81,0.023125428,26.6666667,7.2222222,10,1,2.05,2.25,0.148845558
82,82,0.057813569,26.6666667,7.2222222,10,1,2.05,2.25,0.137604346
83,83,0.173440706,26.6666667,7.2222222,10,1,2.05,2.25,0.136433069
84,84,0.023125428,29.4444444,7.2222222,10,1,2.05,2.25,0.182887507
85,85,0.057813569,29.4444444,7.2222222,10,1,2.05,2.25,0.196379135
86,86,0.173440706,29.4444444,7.2222222,10,1,2.05,2.25,0.141101376
87,87,0.023125428,35,7.2222222,10,1,2.05,2.25,0.145018059
88,88,0.057813569,35,7.2222222,10,1,2.05,2.25,0.176370354
89,89,0.173440706,35,7.2222222,10,1,2.05,2.25,0.144493363
90,90,0.023125428,26.6666667,10,10,1,2.05,2.25,0.132932993
91,91,0.057813569,26.6666667,10,10,1,2.05,2.25,0.173871467
92,92,0.173440706,26.6666667,10,10,1,2.05,2.25,0.149430507
93,93,0.023125428,29.4444444,10,10,1,2.05,2.25,0.124495715
94,94,0.057813569,29.4444444,10,10,1,2.05,2.25,0.129841195
95,95,0.173440706,29.4444444,10,10,1,2.05,2.25,0.167571302
96,96,0.023125428,35,10,10,1,2.05,2.25,0.178797437
97,97,0.057813569,35,10,10,1,2.05,2.25,0.205320709
98,98,0.173440706,35,10,10,1,2.05,2.25,0.170096945
99,99,0.023125428,26.6666667,12.7777778,10,1,2.05,2.25,0.17774531
100,100,0.057813569,26.6666667,12.7777778,10,1,2.05,2.25,0.175724748
101,101,0.173440706,26.6666667,12.7777778,10,1,2.05,2.25,0.153602866
102,102,0.023125428,29.4444444,12.7777778,10,1,2.05,2.25,0.147192767
103,103,0.057813569,29.4444444,12.7777778,10,1,2.05,2.25,0.152769861
104,104,0.173440706,29.4444444,12.7777778,10,1,2.05,2.25,0.15676678
105,105,0.023125428,35,12.7777778,10,1,2.05,2.25,0.14441288
106,106,0.057813569,35,12.7777778,10,1,2.05,2.25,0.143831926
107,107,0.173440706,35,12.7777778,10,1,2.05,2.25,0.187070541
108,108,0.023125428,26.6666667,4.4444444,12.7777778,1,2.05,2.25,0.113356988
109,109,0.057813569,26.6666667,4.4444444,12.7777778,1,2.05,2.25,0.115461865
110,110,0.173440706,26.6666667,4.4444444,12.7777778,1,2.05,2.25,0.107846072
111,111,0.023125428,29.4444444,4.4444444,12.7777778,1,2.05,2.25,0.116429947
112,112,0.057813569,29.4444444,4.4444444,12.7777778,1,2.05,2.25,0.110293905
113,113,0.173440706,29.4444444,4.4444444,12.7777778,1,2.05,2.25,0.118264244
114,114,0.023125428,35,4.4444444,12.7777778,1,2.05,2.25,0.111965159
115,115,0.057813569,35,4.4444444,12.7777778,1,2.05,2.25,0.104667813
116,116,0.173440706,35,4.4444444,12.7777778,1,2.05,2.25,0.109446546
117,117,0.023125428,26.6666667,7.2222222,12.7777778,1,2.05,2.25,0.112965107
118,118,0.057813569,26.6666667,7.2222222,12.7777778,1,2.05,2.25,0.105078539
119,119,0.173440706,26.6666667,7.2222222,12.7777778,1,2.05,2.25,0.114699784
120,120,0.023125428,29.4444444,7.2222222,12.7777778,1,2.05,2.25,0.106374571
121,121,0.057813569,29.4444444,7.2222222,12.7777778,1,2.05,2.25,0.115749433
122,122,0.173440706,29.4444444,7.2222222,12.7777778,1,2.05,2.25,0.109458036
123,123,0.023125428,35,7.2222222,12.7777778,1,2.05,2.25,0.102094876
124,124,0.057813569,35,7.2222222,12.7777778,1,2.05,2.25,0.10900953
125,125,0.173440706,35,7.2222222,12.7777778,1,2.05,2.25,0.109681118
126,126,0.023125428,26.6666667,10,12.7777778,1,2.05,2.25,0.102238354
127,127,0.057813569,26.6666667,10,12.7777778,1,2.05,2.25,0.111233285
128,128,0.173440706,26.6666667,10,12.7777778,1,2.05,2.25,0.104585602
129,129,0.023125428,29.4444444,10,12.7777778,1,2.05,2.25,0.11287666
130,130,0.057813569,29.4444444,10,12.7777778,1,2.05,2.25,0.105327949
131,131,0.173440706,29.4444444,10,12.7777778,1,2.05,2.25,0.099027759
132,132,0.023125428,35,10,12.7777778,1,2.05,2.25,0.098406358
133,133,0.057813569,35,10,12.7777778,1,2.05,2.25,0.102409735
134,134,0.173440706,35,10,12.7777778,1,2.05,2.25,0.094900996
135,135,0.023125428,26.6666667,12.7777778,12.7777778,1,2.05,2.25,0.106104971
136,136,0.057813569,26.6666667,12.7777778,12.7777778,1,2.05,2.25,0.099403447
137,137,0.173440706,26.6666667,12.7777778,12.7777778,1,2.05,2.25,0.109473076
138,138,0.023125428,29.4444444,12.7777778,12.7777778,1,2.05,2.25,0.105440903
139,139,0.057813569,29.4444444,12.7777778,12.7777778,1,2.05,2.25,0.09900936
140,140,0.173440706,29.4444444,12.7777778,12.7777778,1,2.05,2.25,0.09601974
141,141,0.023125428,35,12.7777778,12.7777778,1,2.05,2.25,0.098323281
142,142,0.057813569,35,12.7777778,12.7777778,1,2.05,2.25,0.090368057
143,143,0.173440706,35,12.7777778,12.7777778,1,2.05,2.25,0.101243274
144,144,0.023125428,10,23.8888889,26.6666667,1,2.05,2.25,0.093721147
145,145,0.057813569,10,23.8888889,26.6666667,1,2.05,2.25,0.103759913
146,146,0.173440706,10,23.8888889,26.6666667,1,2.05,2.25,0.097170912
147,147,0.023125428,12.7777778,23.8888889,26.6666667,1,2.05,2.25,0.088226967
148,148,0.057813569,12.7777778,23.8888889,26.6666667,1,2.05,2.25,0.090351342
149,149,0.173440706,12.7777778,23.8888889,26.6666667,1,2.05,2.25,0.090525375
150,150,0.023125428,15.5555556,23.8888889,26.6666667,1,2.05,2.25,0.082886661
151,151,0.057813569,15.5555556,23.8888889,26.6666667,1,2.05,2.25,0.092613189
152,152,0.173440706,15.5555556,23.8888889,26.6666667,1,2.05,2.25,0.084825085
153,153,0.023125428,10,26.6666667,26.6666667,1,2.05,2.25,0.094920734
154,154,0.057813569,10,26.6666667,26.6666667,1,2.05,2.25,0.087324394
155,155,0.173440706,10,26.6666667,26.6666667,1,2.05,2.25,0.08015515
156,156,0.023125428,12.7777778,26.6666667,26.6666667,1,2.05,2.25,0.251819156
157,157,0.057813569,12.7777778,26.6666667,26.6666667,1,2.05,2.25,0.233122284
158,158,0.173440706,12.7777778,26.6666667,26.6666667,1,2.05,2.25,0.272802618
159,159,0.023125428,15.5555556,26.6666667,26.6666667,1,2.05,2.25,0.275612037
160,160,0.057813569,15.5555556,26.6666667,26.6666667,1,2.05,2.25,0.238300862
161,161,0.173440706,15.5555556,26.6666667,26.6666667,1,2.05,2.25,0.259608342
162,162,0.023125428,10,29.4444444,26.6666667,1,2.05,2.25,0.232246571
163,163,0.057813569,10,29.4444444,26.6666667,1,2.05,2.25,0.242781918
164,164,0.173440706,10,29.4444444,26.6666667,1,2.05,2.25,0.28978472
165,165,0.023125428,12.7777778,29.4444444,26.6666667,1,2.05,2.25,0.273260546
166,166,0.057813569,12.7777778,29.4444444,26.6666667,1,2.05,2.25,0.204318577
167,167,0.173440706,12.7777778,29.4444444,26.6666667,1,2.05,2.25,0.291091954
168,168,0.023125428,15.5555556,29.4444444,26.6666667,1,2.05,2.25,0.253043588
169,169,0.057813569,15.5555556,29.4444444,26.6666667,1,2.05,2.25,0.252627811
170,170,0.173440706,15.5555556,29.4444444,26.6666667,1,2.05,2.25,0.236358725
171,171,0.023125428,10,32.2222222,26.6666667,1,2.05,2.25,0.214918386
172,172,0.057813569,10,32.2222222,26.6666667,1,2.05,2.25,0.250612153
173,173,0.173440706,10,32.2222222,26.6666667,1,2.05,2.25,0.231657128
174,174,0.023125428,12.7777778,32.2222222,26.6666667,1,2.05,2.25,0.197141779
175,175,0.057813569,12.7777778,32.2222222,26.6666667,1,2.05,2.25,0.208005449
176,176,0.173440706,12.7777778,32.2222222,26.6666667,1,2.05,2.25,0.236937063
177,177,0.023125428,15.5555556,32.2222222,26.6666667,1,2.05,2.25,0.249582602
178,178,0.057813569,15.5555556,32.2222222,26.6666667,1,2.05,2.25,0.214657981
179,179,0.173440706,15.5555556,32.2222222,26.6666667,1,2.05,2.25,0.230922088
180,180,0.0231,10,23.89,26.67,1,2.05,4.75,0.080670922
181,181,0.0231,10,23.89,30.56,1,2.05,4.75,0.073553494
182,182,0.0231,10,23.89,33.61,1,2.05,4.75,0.079701781
183,183,0.0231,10,23.89,36.39,1,2.05,4.75,0.090221561
184,184,0.0231,10,26.67,30.56,1,2.05,4.75,0.091120289
185,185,0.0231,10,26.67,33.61,1,2.05,4.75,0.09448199
186,186,0.0231,10,26.67,36.39,1,2.05,4.75,0.08333487
187,187,0.0231,10,29.44,30.56,1,2.05,4.75,0.100846786
188,188,0.0231,10,29.44,33.61,1,2.05,4.75,0.08724163
189,189,0.0231,10,29.44,36.39,1,2.05,4.75,0.08330172
190,190,0.0231,10,32.22,33.61,1,2.05,4.75,0.086675898
191,191,0.0231,10,32.22,36.39,1,2.05,4.75,0.080620791
192,192,0.0231,12.78,23.89,26.67,1,2.05,4.75,0.075260267
193,193,0.0231,12.78,23.89,30.56,1,2.05,4.75,0.069525539
194,194,0.0231,12.78,23.89,33.61,1,2.05,4.75,0.081047672
195,195,0.0231,12.78,23.89,36.39,1,2.05,4.75,0.083017
196,196,0.0231,12.78,26.67,30.56,1,2.05,4.75,0.089101677
197,197,0.0231,12.78,26.67,33.61,1,2.05,4.75,0.077256627
198,198,0.0231,12.78,26.67,36.39,1,2.05,4.75,0.083002772
199,199,0.0231,12.78,29.44,30.56,1,2.05,4.75,0.093800347
200,200,0.0231,12.78,29.44,33.61,1,2.05,4.75,0.084310452
201,201,0.0231,12.78,29.44,36.39,1,2.05,4.75,0.081361618
202,202,0.0231,12.78,32.22,33.61,1,2.05,4.75,0.08291855
203,203,0.0231,12.78,32.22,36.39,1,2.05,4.75,0.082051043
204,204,0.0231,15.56,23.89,26.67,1,2.05,4.75,0.066772281
205,205,0.0231,15.56,23.89,30.56,1,2.05,4.75,0.069140693
206,206,0.0231,15.56,23.89,33.61,1,2.05,4.75,0.080970775
207,207,0.0231,15.56,23.89,36.39,1,2.05,4.75,0.079535397
208,208,0.0231,15.56,26.67,30.56,1,2.05,4.75,0.085531589
209,209,0.0231,15.56,26.67,33.61,1,2.05,4.75,0.086565036
210,210,0.0231,15.56,26.67,36.39,1,2.05,4.75,0.077581334
211,211,0.0231,15.56,29.44,30.56,1,2.05,4.75,0.089264777
212,212,0.0231,15.56,29.44,33.61,1,2.05,4.75,0.094406995
213,213,0.0231,15.56,29.44,36.39,1,2.05,4.75,0.079324132
214,214,0.0231,15.56,32.22,33.61,1,2.05,4.75,0.089132106
215,215,0.0231,15.56,32.22,36.39,1,2.05,4.75,0.08460543
216,216,0.0578,10,23.89,26.67,1,2.05,4.75,0.092897872
217,217,0.0578,10,23.89,30.56,1,2.05,4.75,0.096262528
218,218,0.0578,10,23.89,33.61,1,2.05,4.75,0.105229783
219,219,0.0578,10,23.89,36.39,1,2.05,4.75,0.106999546
220,220,0.0578,10,26.67,30.56,1,2.05,4.75,0.11689176
221,221,0.0578,10,26.67,33.61,1,2.05,4.75,0.126913733
222,222,0.0578,10,26.67,36.39,1,2.05,4.75,0.109757028
223,223,0.0578,10,29.44,30.56,1,2.05,4.75,0.127613362
224,224,0.0578,10,29.44,33.61,1,2.05,4.75,0.109600559
225,225,0.0578,10,29.44,36.39,1,2.05,4.75,0.106382004
226,226,0.0578,10,32.22,33.61,1,2.05,4.75,0.121230948
227,227,0.0578,10,32.22,36.39,1,2.05,4.75,0.127176689
228,228,0.0578,12.78,23.89,26.67,1,2.05,4.75,0.091335638
229,229,0.0578,12.78,23.89,30.56,1,2.05,4.75,0.101716663
230,230,0.0578,12.78,23.89,33.61,1,2.05,4.75,0.116570365
231,231,0.0578,12.78,23.89,36.39,1,2.05,4.75,0.109370463
232,232,0.0578,12.78,26.67,30.56,1,2.05,4.75,0.123304001
233,233,0.0578,12.78,26.67,33.61,1,2.05,4.75,0.122318861
234,234,0.0578,12.78,26.67,36.39,1,2.05,4.75,0.114679026
235,235,0.0578,12.78,29.44,30.56,1,2.05,4.75,0.124208962
236,236,0.0578,12.78,29.44,33.61,1,2.05,4.75,0.106336483
237,237,0.0578,12.78,29.44,36.39,1,2.05,4.75,0.119428015
238,238,0.0578,12.78,32.22,33.61,1,2.05,4.75,0.119071678
239,239,0.0578,12.78,32.22,36.39,1,2.05,4.75,0.121315118
240,240,0.0578,15.56,23.89,26.67,1,2.05,4.75,0.084537317
241,241,0.0578,15.56,23.89,30.56,1,2.05,4.75,0.097962789
242,242,0.0578,15.56,23.89,33.61,1,2.05,4.75,0.111639382
243,243,0.0578,15.56,23.89,36.39,1,2.05,4.75,0.100737825
244,244,0.0578,15.56,26.67,30.56,1,2.05,4.75,0.115722558
245,245,0.0578,15.56,26.67,33.61,1,2.05,4.75,0.11176678
246,246,0.0578,15.56,26.67,36.39,1,2.05,4.75,0.110426683
247,247,0.0578,15.56,29.44,30.56,1,2.05,4.75,0.11810799
248,248,0.0578,15.56,29.44,33.61,1,2.05,4.75,0.107060983
249,249,0.0578,15.56,29.44,36.39,1,2.05,4.75,0.111306106
250,250,0.0578,15.56,32.22,33.61,1,2.05,4.75,0.114925076
251,251,0.0578,15.56,32.22,36.39,1,2.05,4.75,0.109816875
252,252,0.1734,10,23.89,26.67,1,2.05,4.75,0.181972913
253,253,0.1734,10,23.89,30.56,1,2.05,4.75,0.174805602
254,254,0.1734,10,23.89,33.61,1,2.05,4.75,0.182246792
255,255,0.1734,10,23.89,36.39,1,2.05,4.75,0.178872905
256,256,0.1734,10,26.67,30.56,1,2.05,4.75,0.185671645
257,257,0.1734,10,26.67,33.61,1,2.05,4.75,0.193058679
258,258,0.1734,10,26.67,36.39,1,2.05,4.75,0.187847225
259,259,0.1734,10,29.44,30.56,1,2.05,4.75,0.155073484
260,260,0.1734,10,29.44,33.61,1,2.05,4.75,0.149270173
261,261,0.1734,10,29.44,36.39,1,2.05,4.75,0.165736718
262,262,0.1734,10,32.22,33.61,1,2.05,4.75,0.178953751
263,263,0.1734,10,32.22,36.39,1,2.05,4.75,0.189593697
264,264,0.1734,12.78,23.89,26.67,1,2.05,4.75,0.180702119
265,265,0.1734,12.78,23.89,30.56,1,2.05,4.75,0.195688379
266,266,0.1734,12.78,23.89,33.61,1,2.05,4.75,0.166563535
267,267,0.1734,12.78,23.89,36.39,1,2.05,4.75,0.160394514
268,268,0.1734,12.78,26.67,30.56,1,2.05,4.75,0.17458108
269,269,0.1734,12.78,26.67,33.61,1,2.05,4.75,0.202690584
270,270,0.1734,12.78,26.67,36.39,1,2.05,4.75,0.182796315
271,271,0.1734,12.78,29.44,30.56,1,2.05,4.75,0.177595997
272,272,0.1734,12.78,29.44,33.61,1,2.05,4.75,0.189137349
273,273,0.1734,12.78,29.44,36.39,1,2.05,4.75,0.207022054
274,274,0.1734,12.78,32.22,33.61,1,2.05,4.75,0.186173351
275,275,0.1734,12.78,32.22,36.39,1,2.05,4.75,0.143407999
276,276,0.1734,15.56,23.89,26.67,1,2.05,4.75,0.165093915
277,277,0.1734,15.56,23.89,30.56,1,2.05,4.75,0.190449453
278,278,0.1734,15.56,23.89,33.61,1,2.05,4.75,0.196446861
279,279,0.1734,15.56,23.89,36.39,1,2.05,4.75,0.235200854
280,280,0.1734,15.56,26.67,30.56,1,2.05,4.75,0.177056854
281,281,0.1734,15.56,26.67,33.61,1,2.05,4.75,0.158087138
282,282,0.1734,15.56,26.67,36.39,1,2.05,4.75,0.183343755
283,283,0.1734,15.56,29.44,30.56,1,2.05,4.75,0.154282841
284,284,0.1734,15.56,29.44,33.61,1,2.05,4.75,0.194639239
285,285,0.1734,15.56,29.44,36.39,1,2.05,4.75,0.158411226
286,286,0.1734,15.56,32.22,33.61,1,2.05,4.75,0.157700252
287,287,0.1734,15.56,32.22,36.39,1,2.05,4.75,0.178884572
288,288,0.0231,26.67,4.44,-1.11,1,2.05,4.75,0.102830406
289,289,0.0231,26.67,7.22,-1.11,1,2.05,4.75,0.100896201
290,290,0.0231,26.67,7.22,4.44,1,2.05,4.75,0.098618613
291,291,0.0231,26.67,10,-1.11,1,2.05,4.75,0.100012945
292,292,0.0231,26.67,10,4.44,1,2.05,4.75,0.096774681
293,293,0.0231,26.67,12.78,-1.11,1,2.05,4.75,0.09908574
294,294,0.0231,26.67,12.78,4.44,1,2.05,4.75,0.09731942
295,295,0.0231,26.67,12.78,10,1,2.05,4.75,0.095266208
296,296,0.0231,29.44,4.44,-1.11,1,2.05,4.75,0.102417017
297,297,0.0231,29.44,7.22,-1.11,1,2.05,4.75,0.100044514
298,298,0.0231,29.44,7.22,4.44,1,2.05,4.75,0.098211305
299,299,0.0231,29.44,10,-1.11,1,2.05,4.75,0.098650536
300,300,0.0231,29.44,10,4.44,1,2.05,4.75,0.096207216
301,301,0.0231,29.44,12.78,-1.11,1,2.05,4.75,0.098029988
302,302,0.0231,29.44,12.78,4.44,1,2.05,4.75,0.095703952
303,303,0.0231,29.44,12.78,10,1,2.05,4.75,0.093619346
304,304,0.0231,35,4.44,-1.11,1,2.05,4.75,0.101027912
305,305,0.0231,35,7.22,-1.11,1,2.05,4.75,0.099584999
306,306,0.0231,35,7.22,4.44,1,2.05,4.75,0.096639159
307,307,0.0231,35,10,-1.11,1,2.05,4.75,0.09762768
308,308,0.0231,35,10,4.44,1,2.05,4.75,0.095960654
309,309,0.0231,35,12.78,-1.11,1,2.05,4.75,0.096836594
310,310,0.0231,35,12.78,4.44,1,2.05,4.75,0.095241597
311,311,0.0231,35,12.78,10,1,2.05,4.75,0.090726433
312,312,0.0578,26.67,4.44,-1.11,1,2.05,4.75,0.097937258
313,313,0.0578,26.67,7.22,-1.11,1,2.05,4.75,0.098121276
314,314,0.0578,26.67,7.22,4.44,1,2.05,4.75,0.09292753
315,315,0.0578,26.67,10,-1.11,1,2.05,4.75,0.096245182
316,316,0.0578,26.67,10,4.44,1,2.05,4.75,0.094867797
317,317,0.0578,26.67,12.78,-1.11,1,2.05,4.75,0.09586107
318,318,0.0578,26.67,12.78,4.44,1,2.05,4.75,0.095521392
319,319,0.0578,26.67,12.78,10,1,2.05,4.75,0.094055159
320,320,0.0578,29.44,4.44,-1.11,1,2.05,4.75,0.093405224
321,321,0.0578,29.44,7.22,-1.11,1,2.05,4.75,0.093802844
322,322,0.0578,29.44,7.22,4.44,1,2.05,4.75,0.08937815
323,323,0.0578,29.44,10,-1.11,1,2.05,4.75,0.093971241
324,324,0.0578,29.44,10,4.44,1,2.05,4.75,0.088877694
325,325,0.0578,29.44,12.78,-1.11,1,2.05,4.75,0.092906603
326,326,0.0578,29.44,12.78,4.44,1,2.05,4.75,0.088957911
327,327,0.0578,29.44,12.78,10,1,2.05,4.75,0.085794438
328,328,0.0578,35,4.44,-1.11,1,2.05,4.75,0.087601616
329,329,0.0578,35,7.22,-1.11,1,2.05,4.75,0.08796421
330,330,0.0578,35,7.22,4.44,1,2.05,4.75,0.082623942
331,331,0.0578,35,10,-1.11,1,2.05,4.75,0.087933848
332,332,0.0578,35,10,4.44,1,2.05,4.75,0.082702361
333,333,0.0578,35,12.78,-1.11,1,2.05,4.75,0.087807676
334,334,0.0578,35,12.78,4.44,1,2.05,4.75,0.082793408
335,335,0.0578,35,12.78,10,1,2.05,4.75,0.077224701
336,336,0.1734,26.67,4.44,-1.11,1,2.05,4.75,0.262627048
337,337,0.1734,26.67,7.22,-1.11,1,2.05,4.75,0.259703491
338,338,0.1734,26.67,7.22,4.44,1,2.05,4.75,0.268827357
339,339,0.1734,26.67,10,-1.11,1,2.05,4.75,0.236165249
340,340,0.1734,26.67,10,4.44,1,2.05,4.75,0.250561587
341,341,0.1734,26.67,12.78,-1.11,1,2.05,4.75,0.250622671
342,342,0.1734,26.67,12.78,4.44,1,2.05,4.75,0.259822324
343,343,0.1734,26.67,12.78,10,1,2.05,4.75,0.253366041
344,344,0.1734,29.44,4.44,-1.11,1,2.05,4.75,0.207089693
345,345,0.1734,29.44,7.22,-1.11,1,2.05,4.75,0.21983606
346,346,0.1734,29.44,7.22,4.44,1,2.05,4.75,0.225476962
347,347,0.1734,29.44,10,-1.11,1,2.05,4.75,0.248574819
348,348,0.1734,29.44,10,4.44,1,2.05,4.75,0.277347632
349,349,0.1734,29.44,12.78,-1.11,1,2.05,4.75,0.207172445
350,350,0.1734,29.44,12.78,4.44,1,2.05,4.75,0.244002304
351,351,0.1734,29.44,12.78,10,1,2.05,4.75,0.241182719
352,352,0.1734,35,4.44,-1.11,1,2.05,4.75,0.192461678
353,353,0.1734,35,7.22,-1.11,1,2.05,4.75,0.196484512
354,354,0.1734,35,7.22,4.44,1,2.05,4.75,0.246270455
355,355,0.1734,35,10,-1.11,1,2.05,4.75,0.20465224
356,356,0.1734,35,10,4.44,1,2.05,4.75,0.257078808
357,357,0.1734,35,12.78,-1.11,1,2.05,4.75,0.226693385
358,358,0.1734,35,12.78,4.44,1,2.05,4.75,0.236271415
359,359,0.1734,35,12.78,10,1,2.05,4.75,0.280004141
360,360,0.0231,10,23.89,26.67,2,2.05,2.25,0.084768407
361,360,0.0231,10,23.89,26.67,2,2.05,4.75,0.063693197
362,361,0.0231,10,23.89,30.56,2,2.05,2.25,0.082896713
363,361,0.0231,10,23.89,30.56,2,2.05,4.75,0.075172927
364,362,0.0231,10,23.89,33.61,2,2.05,2.25,0.070955744
365,362,0.0231,10,23.89,33.61,2,2.05,4.75,0.084627003
366,363,0.0231,10,23.89,36.39,2,2.05,2.25,0.069408896
367,363,0.0231,10,23.89,36.39,2,2.05,4.75,0.081372831
368,364,0.0231,10,26.67,30.56,2,2.05,2.25,0.080314992
369,364,0.0231,10,26.67,30.56,2,2.05,4.75,0.08700774
370,365,0.0231,10,26.67,33.61,2,2.05,2.25,0.068960403
371,365,0.0231,10,26.67,33.61,2,2.05,4.75,0.086460394
372,366,0.0231,10,26.67,36.39,2,2.05,2.25,0.071539873
373,366,0.0231,10,26.67,36.39,2,2.05,4.75,0.079247499
374,367,0.0231,10,29.44,30.56,2,2.05,2.25,0.069688328
375,367,0.0231,10,29.44,30.56,2,2.05,4.75,0.079396665
376,368,0.0231,10,29.44,33.61,2,2.05,2.25,0.07310258
377,368,0.0231,10,29.44,33.61,2,2.05,4.75,0.087084714
378,369,0.0231,10,29.44,36.39,2,2.05,2.25,0.070596786
379,369,0.0231,10,29.44,36.39,2,2.05,4.75,0.087803178
380,370,0.0231,10,32.22,33.61,2,2.05,2.25,0.068544081
381,370,0.0231,10,32.22,33.61,2,2.05,4.75,0.07725324
382,371,0.0231,10,32.22,36.39,2,2.05,2.25,0.06292686
383,371,0.0231,10,32.22,36.39,2,2.05,4.75,0.085098107
384,372,0.0231,12.78,23.89,26.67,2,2.05,2.25,0.078398263
385,372,0.0231,12.78,23.89,26.67,2,2.05,4.75,0.059497201
386,373,0.0231,12.78,23.89,30.56,2,2.05,2.25,0.070997505
387,373,0.0231,12.78,23.89,30.56,2,2.05,4.75,0.072378238
388,374,0.0231,12.78,23.89,33.61,2,2.05,2.25,0.068461957
389,374,0.0231,12.78,23.89,33.61,2,2.05,4.75,0.074621657
390,375,0.0231,12.78,23.89,36.39,2,2.05,2.25,0.068161763
391,375,0.0231,12.78,23.89,36.39,2,2.05,4.75,0.083639662
392,376,0.0231,12.78,26.67,30.56,2,2.05,2.25,0.076827329
393,376,0.0231,12.78,26.67,30.56,2,2.05,4.75,0.086377758
394,377,0.0231,12.78,26.67,33.61,2,2.05,2.25,0.07277611
395,377,0.0231,12.78,26.67,33.61,2,2.05,4.75,0.088329452
396,378,0.0231,12.78,26.67,36.39,2,2.05,2.25,0.073476989
397,378,0.0231,12.78,26.67,36.39,2,2.05,4.75,0.083649355
398,379,0.0231,12.78,29.44,30.56,2,2.05,2.25,0.072282451
399,379,0.0231,12.78,29.44,30.56,2,2.05,4.75,0.079393438
400,380,0.0231,12.78,29.44,33.61,2,2.05,2.25,0.067081343
401,380,0.0231,12.78,29.44,33.61,2,2.05,4.75,0.088334875
402,381,0.0231,12.78,29.44,36.39,2,2.05,2.25,0.062634791
403,381,0.0231,12.78,29.44,36.39,2,2.05,4.75,0.078033423
404,382,0.0231,12.78,32.22,33.61,2,2.05,2.25,0.066075903
405,382,0.0231,12.78,32.22,33.61,2,2.05,4.75,0.07976864
406,383,0.0231,12.78,32.22,36.39,2,2.05,2.25,0.059245129
407,383,0.0231,12.78,32.22,36.39,2,2.05,4.75,0.078567149
408,384,0.0231,15.56,23.89,26.67,2,2.05,2.25,0.077140626
409,384,0.0231,15.56,23.89,26.67,2,2.05,4.75,0.06666289
410,385,0.0231,15.56,23.89,30.56,2,2.05,2.25,0.068142274
411,385,0.0231,15.56,23.89,30.56,2,2.05,4.75,0.070163119
412,386,0.0231,15.56,23.89,33.61,2,2.05,2.25,0.069383774
413,386,0.0231,15.56,23.89,33.61,2,2.05,4.75,0.07878353
414,387,0.0231,15.56,23.89,36.39,2,2.05,2.25,0.068219017
415,387,0.0231,15.56,23.89,36.39,2,2.05,4.75,0.074788659
416,388,0.0231,15.56,26.67,30.56,2,2.05,2.25,0.076976468
417,388,0.0231,15.56,26.67,30.56,2,2.05,4.75,0.085247168
418,389,0.0231,15.56,26.67,33.61,2,2.05,2.25,0.073627407
419,389,0.0231,15.56,26.67,33.61,2,2.05,4.75,0.090011165
420,390,0.0231,15.56,26.67,36.39,2,2.05,2.25,0.063109451
421,390,0.0231,15.56,26.67,36.39,2,2.05,4.75,0.087607203
422,391,0.0231,15.56,29.44,30.56,2,2.05,2.25,0.068287175
423,391,0.0231,15.56,29.44,30.56,2,2.05,4.75,0.093905255
424,392,0.0231,15.56,29.44,33.61,2,2.05,2.25,0.072796879
425,392,0.0231,15.56,29.44,33.61,2,2.05,4.75,0.089345702
426,393,0.0231,15.56,29.44,36.39,2,2.05,2.25,0.069220551
427,393,0.0231,15.56,29.44,36.39,2,2.05,4.75,0.082667725
428,394,0.0231,15.56,32.22,33.61,2,2.05,2.25,0.067074364
429,394,0.0231,15.56,32.22,33.61,2,2.05,4.75,0.090562869
430,395,0.0231,15.56,32.22,36.39,2,2.05,2.25,0.072394858
431,395,0.0231,15.56,32.22,36.39,2,2.05,4.75,0.077760256
432,396,0.0578,10,23.89,26.67,2,2.05,2.25,0.121912117
433,396,0.0578,10,23.89,26.67,2,2.05,4.75,0.098738701
434,397,0.0578,10,23.89,30.56,2,2.05,2.25,0.080114469
435,397,0.0578,10,23.89,30.56,2,2.05,4.75,0.093790528
436,398,0.0578,10,23.89,33.61,2,2.05,2.25,0.086907263
437,398,0.0578,10,23.89,33.61,2,2.05,4.75,0.096051208
438,399,0.0578,10,23.89,36.39,2,2.05,2.25,0.078829602
439,399,0.0578,10,23.89,36.39,2,2.05,4.75,0.109496849
440,400,0.0578,10,26.67,30.56,2,2.05,2.25,0.092836862
441,400,0.0578,10,26.67,30.56,2,2.05,4.75,0.09331523
442,401,0.0578,10,26.67,33.61,2,2.05,2.25,0.089799617
443,401,0.0578,10,26.67,33.61,2,2.05,4.75,0.086107562
444,402,0.0578,10,26.67,36.39,2,2.05,2.25,0.08400156
445,402,0.0578,10,26.67,36.39,2,2.05,4.75,0.098974737
446,403,0.0578,10,29.44,30.56,2,2.05,2.25,0.09599682
447,403,0.0578,10,29.44,30.56,2,2.05,4.75,0.109547967
448,404,0.0578,10,29.44,33.61,2,2.05,2.25,0.089091575
449,404,0.0578,10,29.44,33.61,2,2.05,4.75,0.102577211
450,405,0.0578,10,29.44,36.39,2,2.05,2.25,0.07974695
451,405,0.0578,10,29.44,36.39,2,2.05,4.75,0.108294224
452,406,0.0578,10,32.22,33.61,2,2.05,2.25,0.087964828
453,406,0.0578,10,32.22,33.61,2,2.05,4.75,0.129362239
454,407,0.0578,10,32.22,36.39,2,2.05,2.25,0.084328928
455,407,0.0578,10,32.22,36.39,2,2.05,4.75,0.125054099
456,408,0.0578,12.78,23.89,26.67,2,2.05,2.25,0.081481989
457,408,0.0578,12.78,23.89,26.67,2,2.05,4.75,0.075380405
458,409,0.0578,12.78,23.89,30.56,2,2.05,2.25,0.09529563
459,409,0.0578,12.78,23.89,30.56,2,2.05,4.75,0.101347133
460,410,0.0578,12.78,23.89,33.61,2,2.05,2.25,0.08532581
461,410,0.0578,12.78,23.89,33.61,2,2.05,4.75,0.107517767
462,411,0.0578,12.78,23.89,36.39,2,2.05,2.25,0.078440665
463,411,0.0578,12.78,23.89,36.39,2,2.05,4.75,0.107978836
464,412,0.0578,12.78,26.67,30.56,2,2.05,2.25,0.109002863
465,412,0.0578,12.78,26.67,30.56,2,2.05,4.75,0.110337416
466,413,0.0578,12.78,26.67,33.61,2,2.05,2.25,0.099952342
467,413,0.0578,12.78,26.67,33.61,2,2.05,4.75,0.108673387
468,414,0.0578,12.78,26.67,36.39,2,2.05,2.25,0.07191222
469,414,0.0578,12.78,26.67,36.39,2,2.05,4.75,0.114002008
470,415,0.0578,12.78,29.44,30.56,2,2.05,2.25,0.10667894
471,415,0.0578,12.78,29.44,30.56,2,2.05,4.75,0.104833625
472,416,0.0578,12.78,29.44,33.61,2,2.05,2.25,0.102023167
473,416,0.0578,12.78,29.44,33.61,2,2.05,4.75,0.116752295
474,417,0.0578,12.78,29.44,36.39,2,2.05,2.25,0.080561231
475,417,0.0578,12.78,29.44,36.39,2,2.05,4.75,0.114354903
476,418,0.0578,12.78,32.22,33.61,2,2.05,2.25,0.093243305
477,418,0.0578,12.78,32.22,33.61,2,2.05,4.75,0.123795744
478,419,0.0578,12.78,32.22,36.39,2,2.05,2.25,0.097262808
479,419,0.0578,12.78,32.22,36.39,2,2.05,4.75,0.116045556
480,420,0.0578,15.56,23.89,26.67,2,2.05,2.25,0.108520713
481,420,0.0578,15.56,23.89,26.67,2,2.05,4.75,0.116284718
482,421,0.0578,15.56,23.89,30.56,2,2.05,2.25,0.08927664
483,421,0.0578,15.56,23.89,30.56,2,2.05,4.75,0.099867083
484,422,0.0578,15.56,23.89,33.61,2,2.05,2.25,0.087888324
485,422,0.0578,15.56,23.89,33.61,2,2.05,4.75,0.099279965
486,423,0.0578,15.56,23.89,36.39,2,2.05,2.25,0.079644303
487,423,0.0578,15.56,23.89,36.39,2,2.05,4.75,0.097919286
488,424,0.0578,15.56,26.67,30.56,2,2.05,2.25,0.100417528
489,424,0.0578,15.56,26.67,30.56,2,2.05,4.75,0.110226111
490,425,0.0578,15.56,26.67,33.61,2,2.05,2.25,0.081313858
491,425,0.0578,15.56,26.67,33.61,2,2.05,4.75,0.107243856
492,426,0.0578,15.56,26.67,36.39,2,2.05,2.25,0.082750557
493,426,0.0578,15.56,26.67,36.39,2,2.05,4.75,0.10888334
494,427,0.0578,15.56,29.44,30.56,2,2.05,2.25,0.103244002
495,427,0.0578,15.56,29.44,30.56,2,2.05,4.75,0.110063435
496,428,0.0578,15.56,29.44,33.61,2,2.05,2.25,0.08931062
497,428,0.0578,15.56,29.44,33.61,2,2.05,4.75,0.109001796
498,429,0.0578,15.56,29.44,36.39,2,2.05,2.25,0.071152913
499,429,0.0578,15.56,29.44,36.39,2,2.05,4.75,0.10407868
500,430,0.0578,15.56,32.22,33.61,2,2.05,2.25,0.098530263
501,430,0.0578,15.56,32.22,33.61,2,2.05,4.75,0.105636255
502,431,0.0578,15.56,32.22,36.39,2,2.05,2.25,0.09069698
503,431,0.0578,15.56,32.22,36.39,2,2.05,4.75,0.108335112
504,432,0.1734,10,23.89,26.67,2,2.05,2.25,0.203309653
505,432,0.1734,10,23.89,26.67,2,2.05,4.75,0.173795244
506,433,0.1734,10,23.89,30.56,2,2.05,2.25,0.233481922
507,433,0.1734,10,23.89,30.56,2,2.05,4.75,0.180671515
508,434,0.1734,10,23.89,33.61,2,2.05,2.25,0.169112005
509,434,0.1734,10,23.89,33.61,2,2.05,4.75,0.16866572
510,435,0.1734,10,23.89,36.39,2,2.05,2.25,0.149699016
511,435,0.1734,10,23.89,36.39,2,2.05,4.75,0.18484514
512,436,0.1734,10,26.67,30.56,2,2.05,2.25,0.163138912
513,436,0.1734,10,26.67,30.56,2,2.05,4.75,0.167772599
514,437,0.1734,10,26.67,33.61,2,2.05,2.25,0.129869355
515,437,0.1734,10,26.67,33.61,2,2.05,4.75,0.167335595
516,438,0.1734,10,26.67,36.39,2,2.05,2.25,0.189044158
517,438,0.1734,10,26.67,36.39,2,2.05,4.75,0.17648373
518,439,0.1734,10,29.44,30.56,2,2.05,2.25,0.127512225
519,439,0.1734,10,29.44,30.56,2,2.05,4.75,0.170582938
520,440,0.1734,10,29.44,33.61,2,2.05,2.25,0.151783775
521,440,0.1734,10,29.44,33.61,2,2.05,4.75,0.185781494
522,441,0.1734,10,29.44,36.39,2,2.05,2.25,0.145789391
523,441,0.1734,10,29.44,36.39,2,2.05,4.75,0.182216734
524,442,0.1734,10,32.22,33.61,2,2.05,2.25,0.183640667
525,442,0.1734,10,32.22,33.61,2,2.05,4.75,0.184455013
526,443,0.1734,10,32.22,36.39,2,2.05,2.25,0.141984403
527,443,0.1734,10,32.22,36.39,2,2.05,4.75,0.162275712
528,444,0.1734,12.78,23.89,26.67,2,2.05,2.25,0.18766261
529,444,0.1734,12.78,23.89,26.67,2,2.05,4.75,0.19785214
530,445,0.1734,12.78,23.89,30.56,2,2.05,2.25,0.157896016
531,445,0.1734,12.78,23.89,30.56,2,2.05,4.75,0.162976018
532,446,0.1734,12.78,23.89,33.61,2,2.05,2.25,0.177930103
533,446,0.1734,12.78,23.89,33.61,2,2.05,4.75,0.190984045
534,447,0.1734,12.78,23.89,36.39,2,2.05,2.25,0.152172727
535,447,0.1734,12.78,23.89,36.39,2,2.05,4.75,0.180007241
536,448,0.1734,12.78,26.67,30.56,2,2.05,2.25,0.168792696
537,448,0.1734,12.78,26.67,30.56,2,2.05,4.75,0.175054629
538,449,0.1734,12.78,26.67,33.61,2,2.05,2.25,0.15512367
539,449,0.1734,12.78,26.67,33.61,2,2.05,4.75,0.185317253
540,450,0.1734,12.78,26.67,36.39,2,2.05,2.25,0.152931189
541,450,0.1734,12.78,26.67,36.39,2,2.05,4.75,0.188435354
542,451,0.1734,12.78,29.44,30.56,2,2.05,2.25,0.154708918
543,451,0.1734,12.78,29.44,30.56,2,2.05,4.75,0.183175402
544,452,0.1734,12.78,29.44,33.61,2,2.05,2.25,0.121303759
545,452,0.1734,12.78,29.44,33.61,2,2.05,4.75,0.158112447
546,453,0.1734,12.78,29.44,36.39,2,2.05,2.25,0.122048841
547,453,0.1734,12.78,29.44,36.39,2,2.05,4.75,0.187319634
548,454,0.1734,12.78,32.22,33.61,2,2.05,2.25,0.149140518
549,454,0.1734,12.78,32.22,33.61,2,2.05,4.75,0.177111902
550,455,0.1734,12.78,32.22,36.39,2,2.05,2.25,0.126114517
551,455,0.1734,12.78,32.22,36.39,2,2.05,4.75,0.207471811
552,456,0.1734,15.56,23.89,26.67,2,2.05,2.25,0.174561762
553,456,0.1734,15.56,23.89,26.67,2,2.05,4.75,0.199115826
554,457,0.1734,15.56,23.89,30.56,2,2.05,2.25,0.178608506
555,457,0.1734,15.56,23.89,30.56,2,2.05,4.75,0.178298086
556,458,0.1734,15.56,23.89,33.61,2,2.05,2.25,0.146584464
557,458,0.1734,15.56,23.89,33.61,2,2.05,4.75,0.183505357
558,459,0.1734,15.56,23.89,36.39,2,2.05,2.25,0.135787677
559,459,0.1734,15.56,23.89,36.39,2,2.05,4.75,0.147059207
560,460,0.1734,15.56,26.67,30.56,2,2.05,2.25,0.16475274
561,460,0.1734,15.56,26.67,30.56,2,2.05,4.75,0.166986197
562,461,0.1734,15.56,26.67,33.61,2,2.05,2.25,0.164059147
563,461,0.1734,15.56,26.67,33.61,2,2.05,4.75,0.156859816
564,462,0.1734,15.56,26.67,36.39,2,2.05,2.25,0.153124942
565,462,0.1734,15.56,26.67,36.39,2,2.05,4.75,0.171272619
566,463,0.1734,15.56,29.44,30.56,2,2.05,2.25,0.125640355
567,463,0.1734,15.56,29.44,30.56,2,2.05,4.75,0.189498636
568,464,0.1734,15.56,29.44,33.61,2,2.05,2.25,0.142861049
569,464,0.1734,15.56,29.44,33.61,2,2.05,4.75,0.175084992
570,465,0.1734,15.56,29.44,36.39,2,2.05,2.25,0.128021572
571,465,0.1734,15.56,29.44,36.39,2,2.05,4.75,0.199904295
572,466,0.1734,15.56,32.22,33.61,2,2.05,2.25,0.121315137
573,466,0.1734,15.56,32.22,33.61,2,2.05,4.75,0.198234898
574,467,0.1734,15.56,32.22,36.39,2,2.05,2.25,0.12950115
575,467,0.1734,15.56,32.22,36.39,2,2.05,4.75,0.185508582
576,468,0.0231,26.67,4.44,-1.11,2,2.05,2.25,0.113474863
577,468,0.0231,26.67,4.44,-1.11,2,2.05,4.75,0.101008141
578,469,0.0231,26.67,7.22,-1.11,2,2.05,2.25,0.115130257
579,469,0.0231,26.67,7.22,-1.11,2,2.05,4.75,0.098736784
580,470,0.0231,26.67,7.22,4.44,2,2.05,2.25,0.106344154
581,470,0.0231,26.67,7.22,4.44,2,2.05,4.75,0.09632499
582,471,0.0231,26.67,10,-1.11,2,2.05,2.25,0.116675419
583,471,0.0231,26.67,10,-1.11,2,2.05,4.75,0.098213426
584,472,0.0231,26.67,10,4.44,2,2.05,2.25,0.108063648
585,472,0.0231,26.67,10,4.44,2,2.05,4.75,0.095981553
586,473,0.0231,26.67,12.78,-1.11,2,2.05,2.25,0.120362009
587,473,0.0231,26.67,12.78,-1.11,2,2.05,4.75,0.09844938
588,474,0.0231,26.67,12.78,4.44,2,2.05,2.25,0.111348342
589,474,0.0231,26.67,12.78,4.44,2,2.05,4.75,0.096502225
590,475,0.0231,26.67,12.78,10,2,2.05,2.25,0.101915369
591,475,0.0231,26.67,12.78,10,2,2.05,4.75,0.095209766
592,476,0.0231,29.44,4.44,-1.11,2,2.05,2.25,0.111747074
593,476,0.0231,29.44,4.44,-1.11,2,2.05,4.75,0.099322919
594,477,0.0231,29.44,7.22,-1.11,2,2.05,2.25,0.113620627
595,477,0.0231,29.44,7.22,-1.11,2,2.05,4.75,0.097738515
596,478,0.0231,29.44,7.22,4.44,2,2.05,2.25,0.104193881
597,478,0.0231,29.44,7.22,4.44,2,2.05,4.75,0.095654065
598,479,0.0231,29.44,10,-1.11,2,2.05,2.25,0.11450924
599,479,0.0231,29.44,10,-1.11,2,2.05,4.75,0.097051617
600,480,0.0231,29.44,10,4.44,2,2.05,2.25,0.105548448
601,480,0.0231,29.44,10,4.44,2,2.05,4.75,0.094363559
602,481,0.0231,29.44,12.78,-1.11,2,2.05,2.25,0.117621579
603,481,0.0231,29.44,12.78,-1.11,2,2.05,4.75,0.097235767
604,482,0.0231,29.44,12.78,4.44,2,2.05,2.25,0.108772806
605,482,0.0231,29.44,12.78,4.44,2,2.05,4.75,0.09478597
606,483,0.0231,29.44,12.78,10,2,2.05,2.25,0.098442812
607,483,0.0231,29.44,12.78,10,2,2.05,4.75,0.093463951
608,484,0.0231,35,4.44,-1.11,2,2.05,2.25,0.10768966
609,484,0.0231,35,4.44,-1.11,2,2.05,4.75,0.093605419
610,485,0.0231,35,7.22,-1.11,2,2.05,2.25,0.110352157
611,485,0.0231,35,7.22,-1.11,2,2.05,4.75,0.094950584
612,486,0.0231,35,7.22,4.44,2,2.05,2.25,0.099897505
613,486,0.0231,35,7.22,4.44,2,2.05,4.75,0.092211608
614,487,0.0231,35,10,-1.11,2,2.05,2.25,0.111481602
615,487,0.0231,35,10,-1.11,2,2.05,4.75,0.094501768
616,488,0.0231,35,10,4.44,2,2.05,2.25,0.101906249
617,488,0.0231,35,10,4.44,2,2.05,4.75,0.091903869
618,489,0.0231,35,12.78,-1.11,2,2.05,2.25,0.112213082
619,489,0.0231,35,12.78,-1.11,2,2.05,4.75,0.094627855
620,490,0.0231,35,12.78,4.44,2,2.05,2.25,0.103115241
621,490,0.0231,35,12.78,4.44,2,2.05,4.75,0.091938267
622,491,0.0231,35,12.78,10,2,2.05,2.25,0.0946489
623,491,0.0231,35,12.78,10,2,2.05,4.75,0.089464231
624,492,0.0578,26.67,4.44,-1.11,2,2.05,2.25,0.105415149
625,492,0.0578,26.67,4.44,-1.11,2,2.05,4.75,0.096721
626,493,0.0578,26.67,7.22,-1.11,2,2.05,2.25,0.107406388
627,493,0.0578,26.67,7.22,-1.11,2,2.05,4.75,0.098014209
628,494,0.0578,26.67,7.22,4.44,2,2.05,2.25,0.097737464
629,494,0.0578,26.67,7.22,4.44,2,2.05,4.75,0.091490269
630,495,0.0578,26.67,10,-1.11,2,2.05,2.25,0.108926815
631,495,0.0578,26.67,10,-1.11,2,2.05,4.75,0.096696239
632,496,0.0578,26.67,10,4.44,2,2.05,2.25,0.099738918
633,496,0.0578,26.67,10,4.44,2,2.05,4.75,0.093651788
634,497,0.0578,26.67,12.78,-1.11,2,2.05,2.25,0.111808505
635,497,0.0578,26.67,12.78,-1.11,2,2.05,4.75,0.096981966
636,498,0.0578,26.67,12.78,4.44,2,2.05,2.25,0.104069977
637,498,0.0578,26.67,12.78,4.44,2,2.05,4.75,0.095045971
638,499,0.0578,26.67,12.78,10,2,2.05,2.25,0.095663774
639,499,0.0578,26.67,12.78,10,2,2.05,4.75,0.09176304
640,500,0.0578,29.44,4.44,-1.11,2,2.05,2.25,0.099548135
641,500,0.0578,29.44,4.44,-1.11,2,2.05,4.75,0.090518006
642,501,0.0578,29.44,7.22,-1.11,2,2.05,2.25,0.102249704
643,501,0.0578,29.44,7.22,-1.11,2,2.05,4.75,0.090782875
644,502,0.0578,29.44,7.22,4.44,2,2.05,2.25,0.094733926
645,502,0.0578,29.44,7.22,4.44,2,2.05,4.75,0.084822575
646,503,0.0578,29.44,10,-1.11,2,2.05,2.25,0.104020531
647,503,0.0578,29.44,10,-1.11,2,2.05,4.75,0.091903916
648,504,0.0578,29.44,10,4.44,2,2.05,2.25,0.094821773
649,504,0.0578,29.44,10,4.44,2,2.05,4.75,0.086030161
650,505,0.0578,29.44,12.78,-1.11,2,2.05,2.25,0.105094387
651,505,0.0578,29.44,12.78,-1.11,2,2.05,4.75,0.092448796
652,506,0.0578,29.44,12.78,4.44,2,2.05,2.25,0.095256323
653,506,0.0578,29.44,12.78,4.44,2,2.05,4.75,0.087713133
654,507,0.0578,29.44,12.78,10,2,2.05,2.25,0.087962734
655,507,0.0578,29.44,12.78,10,2,2.05,4.75,0.083369962
656,508,0.0578,35,4.44,-1.11,2,2.05,2.25,0.089741826
657,508,0.0578,35,4.44,-1.11,2,2.05,4.75,0.084204683
658,509,0.0578,35,7.22,-1.11,2,2.05,2.25,0.092563083
659,509,0.0578,35,7.22,-1.11,2,2.05,4.75,0.084144771
660,510,0.0578,35,7.22,4.44,2,2.05,2.25,0.084119767
661,510,0.0578,35,7.22,4.44,2,2.05,4.75,0.080518517
662,511,0.0578,35,10,-1.11,2,2.05,2.25,0.09409312
663,511,0.0578,35,10,-1.11,2,2.05,4.75,0.084544184
664,512,0.0578,35,10,4.44,2,2.05,2.25,0.08750954
665,512,0.0578,35,10,4.44,2,2.05,4.75,0.080548745
666,513,0.0578,35,12.78,-1.11,2,2.05,2.25,0.095979116
667,513,0.0578,35,12.78,-1.11,2,2.05,4.75,0.08525033
668,514,0.0578,35,12.78,4.44,2,2.05,2.25,0.089271657
669,514,0.0578,35,12.78,4.44,2,2.05,4.75,0.081004377
670,515,0.0578,35,12.78,10,2,2.05,2.25,0.080136722
671,515,0.0578,35,12.78,10,2,2.05,4.75,0.075185696
672,516,0.1734,26.67,4.44,-1.11,2,2.05,2.25,0.251672786
673,516,0.1734,26.67,4.44,-1.11,2,2.05,4.75,0.164791649
674,517,0.1734,26.67,7.22,-1.11,2,2.05,2.25,0.272195942
675,517,0.1734,26.67,7.22,-1.11,2,2.05,4.75,0.194411759
676,518,0.1734,26.67,7.22,4.44,2,2.05,2.25,0.223622699
677,518,0.1734,26.67,7.22,4.44,2,2.05,4.75,0.246896273
678,519,0.1734,26.67,10,-1.11,2,2.05,2.25,0.246127776
679,519,0.1734,26.67,10,-1.11,2,2.05,4.75,0.247583811
680,520,0.1734,26.67,10,4.44,2,2.05,2.25,0.248122328
681,520,0.1734,26.67,10,4.44,2,2.05,4.75,0.262439724
682,521,0.1734,26.67,12.78,-1.11,2,2.05,2.25,0.237945482
683,521,0.1734,26.67,12.78,-1.11,2,2.05,4.75,0.266970058
684,522,0.1734,26.67,12.78,4.44,2,2.05,2.25,0.235600705
685,522,0.1734,26.67,12.78,4.44,2,2.05,4.75,0.282685253
686,523,0.1734,26.67,12.78,10,2,2.05,2.25,0.199701629
687,523,0.1734,26.67,12.78,10,2,2.05,4.75,0.258776074
688,524,0.1734,29.44,4.44,-1.11,2,2.05,2.25,0.251196735
689,524,0.1734,29.44,4.44,-1.11,2,2.05,4.75,0.182989749
690,525,0.1734,29.44,7.22,-1.11,2,2.05,2.25,0.237188498
691,525,0.1734,29.44,7.22,-1.11,2,2.05,4.75,0.186256845
692,526,0.1734,29.44,7.22,4.44,2,2.05,2.25,0.214521568
693,526,0.1734,29.44,7.22,4.44,2,2.05,4.75,0.215395331
694,527,0.1734,29.44,10,-1.11,2,2.05,2.25,0.184571044
695,527,0.1734,29.44,10,-1.11,2,2.05,4.75,0.244824631
696,528,0.1734,29.44,10,4.44,2,2.05,2.25,0.202134807
697,528,0.1734,29.44,10,4.44,2,2.05,4.75,0.237647871
698,529,0.1734,29.44,12.78,-1.11,2,2.05,2.25,0.257636067
699,529,0.1734,29.44,12.78,-1.11,2,2.05,4.75,0.237278286
700,530,0.1734,29.44,12.78,4.44,2,2.05,2.25,0.217600864
701,530,0.1734,29.44,12.78,4.44,2,2.05,4.75,0.271222069
702,531,0.1734,29.44,12.78,10,2,2.05,2.25,0.207416819
703,531,0.1734,29.44,12.78,10,2,2.05,4.75,0.279805252
704,532,0.1734,35,4.44,-1.11,2,2.05,2.25,0.220496383
705,532,0.1734,35,4.44,-1.11,2,2.05,4.75,0.218092671
706,533,0.1734,35,7.22,-1.11,2,2.05,2.25,0.218466978
707,533,0.1734,35,7.22,-1.11,2,2.05,4.75,0.238075594
708,534,0.1734,35,7.22,4.44,2,2.05,2.25,0.177870655
709,534,0.1734,35,7.22,4.44,2,2.05,4.75,0.230157189
710,535,0.1734,35,10,-1.11,2,2.05,2.25,0.166455996
711,535,0.1734,35,10,-1.11,2,2.05,4.75,0.224995133
712,536,0.1734,35,10,4.44,2,2.05,2.25,0.163538219
713,536,0.1734,35,10,4.44,2,2.05,4.75,0.260524162
714,537,0.1734,35,12.78,-1.11,2,2.05,2.25,0.161027108
715,537,0.1734,35,12.78,-1.11,2,2.05,4.75,0.248426947
716,538,0.1734,35,12.78,4.44,2,2.05,2.25,0.205478484
717,538,0.1734,35,12.78,4.44,2,2.05,4.75,0.280356373
718,539,0.1734,35,12.78,10,2,2.05,2.25,0.225634597
719,539,0.1734,35,12.78,10,2,2.05,4.75,0.274387673
